Mandatory registration,Indicator of path,Label of current position,Google checkout accepted,Currency convertor,Shopping guide**,Num of items,Total sum,Shop by categories,Shop by brand,Shop by price,Shop by recipient,Shop by alphabetically,Shop by occasions,Products on sales,Top sellers,Link to new items in HP,Search engine,Product description/guide,Product pictures,Users' reviews,Professional reviews,Products compare,E-mail a friend link,Gift certificates,Recently viewed products,Personalized products,Products recommendation,Special offers,Credit cards,Fidelity card,Bank transfers,Checks,Cash,PayPal,BillMeLater,Coupons
1,0,1,1,0,0,0,0,1,0,1,1,1,0,1,1,0,0,0,1,1,0,1,1,1,1,0,1,1,1,1,0,0,0,0,0,0
1,0,1,0,1,0,1,1,1,0,0,1,0,0,0,1,0,0,1,1,0,0,0,1,1,1,0,0,1,1,1,1,1,1,0,1,0
0,0,1,0,0,0,0,0,1,1,1,0,0,1,0,0,0,0,0,0,0,1,1,0,1,0,0,0,1,1,1,0,0,1,1,1,0
1,0,1,1,0,0,1,0,1,1,0,1,1,0,0,0,0,0,1,0,0,0,1,1,1,1,0,1,1,0,0,0,0,0,0,0,0
1,1,1,1,0,0,1,0,1,1,0,0,0,0,0,0,1,1,1,0,1,1,1,0,1,0,0,0,0,0,0,0,0,0,0,0,0
0,0,1,1,0,0,1,0,1,0,0,1,0,1,0,0,0,0,0,1,1,1,1,1,1,1,0,0,1,1,0,0,0,0,0,0,0
0,0,0,0,0,0,1,1,1,0,1,1,0,0,0,0,1,1,0,1,0,0,1,1,1,0,0,1,1,1,1,1,0,0,0,0,0
1,0,1,1,0,0,0,1,1,0,1,1,0,0,0,0,0,0,0,1,0,1,1,1,1,0,0,0,1,1,1,0,0,1,1,0,0
0,0,1,1,0,0,0,0,1,0,1,0,0,0,0,0,0,0,0,0,0,0,0,1,1,1,0,0,1,0,1,1,1,1,0,1,0
0,0,1,0,1,0,0,0,1,0,0,0,0,0,1,0,0,0,0,0,0,0,0,1,0,0,0,0,1,0,0,1,0,0,1,0,0
0,0,1,0,1,0,0,0,1,1,0,0,0,0,0,0,0,1,0,1,0,0,0,0,0,0,0,0,0,0,1,0,0,1,0,0,0
1,0,1,0,0,0,0,1,1,0,1,0,1,1,1,1,1,0,0,0,0,0,1,0,0,0,0,0,0,1,0,0,0,0,0,0,0
1,0,1,0,1,1,1,0,1,0,0,0,0,0,0,0,0,1,0,1,1,1,0,0,0,0,0,0,0,0,1,0,0,0,0,0,0
0,1,1,1,0,0,0,1,1,0,0,0,0,0,0,0,0,1,1,1,1,0,0,0,0,0,0,0,0,0,0,0,0,0,0,0,0
0,0,0,0,1,0,1,1,1,1,1,0,0,0,0,0,0,0,0,1,0,0,0,0,0,0,0,0,0,0,1,1,0,1,0,0,0
0,0,0,1,1,0,0,0,1,0,0,1,0,0,0,0,0,0,0,0,0,0,1,0,1,1,0,0,0,0,1,0,0,1,0,0,0
0,0,1,0,0,0,0,0,1,0,0,0,0,0,0,0,0,0,0,1,1,1,1,0,0,0,0,1,0,0,0,0,0,0,0,0,0
1,1,1,1,0,0,1,0,1,0,1,0,0,0,0,0,0,1,1,1,0,0,1,1,0,0,0,0,1,0,0,0,1,0,0,0,0
0,0,1,1,0,0,0,0,1,0,0,0,0,1,0,0,0,1,0,0,0,1,0,1,0,1,0,0,1,1,1,1,1,1,0,0,0
0,0,1,1,0,0,0,0,1,0,0,0,0,0,0,0,0,0,1,1,1,1,1,1,0,1,0,0,0,0,0,0,1,0,0,0,0
0,0,0,1,1,0,1,1,1,0,0,0,0,0,0,0,1,1,0,0,0,0,1,1,1,1,0,0,1,1,1,0,0,0,0,0,0
1,0,0,1,0,0,0,1,1,0,0,0,0,0,0,0,0,0,0,0,0,0,1,1,0,0,1,0,0,0,1,0,0,0,0,0,0
0,0,0,1,0,0,1,1,1,0,0,1,1,1,0,0,0,0,0,1,0,0,0,1,1,1,1,0,1,1,0,0,0,1,1,0,0
0,0,1,0,0,0,0,1,1,1,1,1,0,0,0,0,0,0,0,1,0,0,0,0,0,0,0,0,0,0,0,0,0,0,0,0,0
1,1,1,0,1,0,0,0,1,0,0,0,0,0,0,1,0,1,0,0,0,0,0,1,1,1,1,1,1,0,0,0,0,0,0,0,0
0,1,1,1,1,0,0,1,1,0,1,1,0,0,0,0,0,1,1,1,0,1,0,1,1,0,0,0,1,1,1,1,1,1,0,0,0
0,0,1,0,0,0,1,1,1,0,1,0,0,0,0,1,1,1,1,0,1,0,0,0,0,0,0,0,0,1,0,0,0,0,0,0,0
0,0,1,0,0,0,0,0,1,0,0,0,0,0,1,1,1,1,1,0,1,0,0,1,0,0,0,0,1,0,0,0,1,0,0,0,0
1,0,1,0,0,0,0,0,1,1,0,1,0,1,1,1,1,1,1,1,0,1,0,1,1,1,1,0,1,1,0,1,1,1,0,0,0
1,0,1,1,0,0,0,0,1,0,0,0,0,0,0,0,0,1,0,0,1,1,1,0,0,0,1,1,0,0,0,0,1,1,0,0,0
0,0,1,1,0,0,0,0,1,0,0,0,0,1,1,0,0,0,0,0,0,0,0,1,0,0,0,0,0,0,0,0,0,1,0,0,0
1,0,1,1,0,0,0,1,1,1,0,0,1,0,0,1,1,1,1,0,1,0,0,0,0,0,0,0,1,1,0,0,0,0,0,0,0
0,0,0,0,1,1,0,0,1,0,1,0,0,0,0,0,1,1,1,0,0,0,0,0,1,0,0,0,1,0,0,1,0,0,0,0,0
0,0,1,0,1,1,0,0,1,0,0,0,1,0,0,0,1,0,0,1,1,1,0,0,0,0,1,0,0,0,0,0,0,0,0,0,0
1,0,1,0,1,1,0,0,1,0,0,0,1,0,0,0,1,1,0,0,0,0,0,1,1,0,1,0,1,0,0,0,0,0,0,0,0
0,0,0,1,1,1,1,1,1,0,0,0,0,0,0,0,0,1,0,0,0,0,0,0,1,1,0,0,1,0,1,0,0,0,0,0,0
0,0,1,0,1,1,0,1,1,0,0,0,1,0,1,1,0,0,0,0,0,0,0,1,1,1,1,0,1,0,1,1,0,1,0,0,0
1,0,1,0,0,0,0,0,1,1,0,0,0,1,0,0,0,1,0,0,0,0,0,1,1,1,0,0,1,1,0,0,0,1,1,0,0
1,0,1,0,0,1,1,0,1,1,0,0,1,1,1,1,0,1,1,1,0,0,1,0,1,1,0,0,1,1,1,1,1,0,1,0,0
0,0,0,0,0,0,0,0,1,0,0,0,0,0,1,1,0,1,1,0,1,0,1,0,1,1,1,1,1,0,0,0,0,0,0,0,0
1,1,0,0,0,0,0,0,1,0,1,0,1,1,0,1,0,0,1,1,1,1,1,1,0,1,1,0,1,0,1,0,0,0,0,0,0
0,0,0,0,0,1,0,1,1,0,0,0,0,0,0,1,0,1,0,0,1,1,1,1,1,1,0,1,0,0,0,0,0,0,0,0,0
1,1,1,1,1,0,1,0,1,1,1,1,1,1,1,1,0,1,0,0,1,1,1,1,1,1,1,0,1,1,1,0,0,0,0,0,0
0,0,1,0,0,0,0,1,1,0,0,1,0,1,0,0,0,0,0,0,0,0,0,1,1,0,1,0,0,0,0,1,1,0,1,0,0
0,0,1,0,0,0,0,1,1,0,0,0,1,0,0,1,0,0,0,0,1,0,0,1,1,1,0,0,1,1,1,1,0,0,0,0,0
0,0,1,1,1,0,1,1,1,0,1,1,0,0,0,0,0,0,0,1,0,0,1,1,1,1,0,0,1,0,1,1,0,0,0,1,1
0,0,1,0,0,1,0,1,1,1,1,1,0,0,0,0,0,0,0,0,1,1,1,1,1,0,0,1,0,1,0,0,0,0,0,0,0
0,1,1,0,0,0,0,1,1,1,0,1,0,0,1,0,1,1,0,1,0,1,1,1,1,1,0,0,1,0,0,1,1,0,0,0,0
0,1,1,0,0,1,0,0,1,1,0,0,0,1,0,1,0,1,0,0,1,1,1,1,1,1,1,1,1,0,1,0,1,0,0,1,0
0,0,0,0,0,1,1,1,1,0,0,1,1,1,1,1,0,1,1,1,0,0,0,0,1,1,1,0,1,1,1,0,1,1,1,0,0
1,1,1,0,1,0,0,1,1,1,1,0,0,0,0,0,0,1,0,1,0,1,1,1,1,1,0,0,1,1,0,0,0,1,1,0,0
0,1,1,1,0,0,0,1,1,0,0,0,1,0,0,0,1,1,0,0,1,0,0,1,1,1,1,0,1,0,1,1,0,0,0,0,0
0,0,1,1,0,0,0,1,1,0,1,1,1,0,1,1,1,0,0,1,1,0,1,1,1,1,0,0,1,1,1,1,0,1,1,0,0
0,1,0,0,0,0,0,0,1,0,0,0,1,0,0,0,0,0,0,0,0,0,1,0,0,0,0,0,0,0,0,0,0,0,0,0,0
0,0,0,0,0,0,0,1,1,0,0,0,0,0,0,0,0,0,0,0,0,0,0,1,1,1,0,0,1,1,0,0,0,0,0,0,0
0,0,1,0,0,0,1,0,1,0,0,0,0,0,0,1,1,1,1,0,0,1,0,1,0,0,0,0,1,0,1,0,0,0,0,0,0
0,0,1,1,1,0,0,0,1,0,1,0,1,0,0,0,0,1,1,1,1,0,0,0,1,0,0,0,0,1,1,1,1,0,1,1,0
0,0,0,1,0,0,0,1,1,1,0,0,0,0,0,1,0,1,1,1,1,0,0,0,1,0,0,0,1,0,0,1,0,0,0,0,0
0,0,1,1,0,0,1,0,1,0,0,0,0,0,0,0,0,0,0,0,0,0,0,0,1,0,0,0,1,0,0,1,1,1,1,0,0
0,0,1,0,1,0,0,1,1,0,0,0,0,0,0,0,0,0,0,0,0,0,0,1,1,0,0,0,0,0,0,0,0,0,0,0,0
0,0,0,0,0,0,1,1,1,0,0,0,0,0,0,0,0,1,1,1,0,0,0,1,1,0,1,0,1,1,0,0,0,0,0,0,0
0,0,1,1,0,0,0,1,1,0,0,0,1,0,0,0,1,1,1,0,1,0,1,1,1,1,0,0,1,0,0,0,0,1,1,0,0
0,1,1,0,0,0,0,1,1,0,0,1,1,0,0,1,1,1,0,0,0,0,1,1,1,1,0,0,1,1,1,0,1,1,0,0,0
0,0,0,0,0,0,0,0,1,0,0,0,0,0,0,0,0,1,0,0,0,0,0,0,0,0,0,0,0,0,0,0,0,0,0,0,0
0,1,1,0,0,0,0,1,1,1,0,0,0,0,1,1,1,1,1,0,1,0,0,0,0,0,0,0,1,1,1,0,0,0,0,0,0
1,0,1,1,0,0,0,1,1,0,0,0,0,1,0,0,0,1,1,1,1,1,0,1,1,1,0,1,0,1,1,0,1,1,0,0,0
0,0,0,0,0,0,0,0,1,1,0,0,1,1,0,0,0,0,0,1,0,0,1,0,0,0,0,0,0,0,0,1,1,1,0,0,0
1,1,1,1,0,0,0,1,1,0,0,0,0,0,0,0,1,1,1,0,0,0,1,1,1,1,1,1,1,0,1,0,0,1,1,1,0
1,0,1,0,0,0,0,0,1,0,0,0,1,0,0,0,0,0,0,0,0,0,0,0,1,0,0,0,1,0,0,0,0,0,0,0,0
0,0,0,1,0,0,0,1,1,0,1,1,0,0,0,1,0,0,0,0,0,0,1,1,1,1,0,1,0,0,0,0,0,0,0,0,0
0,0,1,0,1,0,0,0,1,0,0,0,0,0,0,0,1,0,0,0,0,0,1,1,0,0,0,0,1,1,0,0,0,1,1,0,0
0,0,0,0,0,0,0,0,1,0,0,0,0,0,0,0,0,0,0,1,1,0,1,0,0,1,0,0,1,1,1,1,0,0,1,0,0
0,0,1,1,0,0,1,0,1,0,0,1,0,1,0,0,0,0,0,1,1,1,1,1,1,1,0,1,1,1,0,0,0,1,1,0,0
1,0,1,0,1,0,0,1,1,1,0,0,1,1,1,1,1,1,0,0,0,0,0,1,1,1,1,1,1,1,1,1,1,1,1,0,0
1,0,1,0,0,1,0,1,1,1,1,1,1,1,0,0,1,1,1,1,0,1,1,1,1,0,0,0,1,0,1,0,0,1,0,0,0
0,0,0,1,0,0,0,1,1,0,0,0,0,1,0,1,0,1,0,0,1,1,1,0,1,0,1,0,0,0,0,0,0,0,0,0,0
1,0,1,1,0,0,1,0,1,0,1,0,0,0,1,0,1,1,0,1,0,1,1,1,1,1,0,0,1,1,1,0,0,1,0,0,0
0,0,0,1,0,0,0,1,1,1,0,0,0,0,0,0,0,1,1,1,0,0,0,1,1,1,0,0,0,1,0,0,0,0,0,0,0
0,0,0,1,0,0,1,1,1,0,0,0,0,0,0,0,0,1,1,1,0,0,0,1,0,0,0,0,0,0,1,1,1,0,0,0,0
1,1,1,1,0,0,1,1,1,1,1,1,0,0,0,0,1,1,0,1,0,0,0,0,1,1,0,1,1,1,0,0,0,0,0,0,0
1,0,0,1,0,0,0,0,1,0,0,0,0,0,0,0,0,0,0,1,0,0,1,1,1,1,0,0,1,0,0,1,1,0,0,0,0
0,0,1,1,0,0,0,0,1,0,0,1,0,1,0,0,1,0,0,0,1,0,1,1,1,1,0,1,0,1,0,0,0,0,1,0,0
0,0,1,0,1,0,0,0,1,0,0,0,0,1,0,0,1,0,1,1,1,0,0,0,0,0,1,0,0,0,0,0,0,1,0,0,0
1,0,1,1,0,0,0,1,1,0,0,0,0,0,0,0,1,1,0,0,1,0,0,1,1,1,0,0,1,1,0,0,0,1,0,0,0
0,0,1,0,1,0,1,0,1,1,0,1,0,0,0,0,0,0,1,1,0,0,0,0,0,0,0,0,0,0,0,0,1,1,0,0,0
1,0,1,1,0,0,1,1,1,0,0,0,0,1,0,1,0,1,0,1,0,1,0,1,0,0,0,0,1,0,1,1,1,0,0,0,1
0,0,1,1,1,0,0,0,1,0,0,0,0,0,0,1,1,1,0,0,1,0,0,0,1,0,0,0,1,1,0,0,0,1,0,0,0
1,0,1,0,0,0,1,1,1,1,0,1,0,1,0,0,0,1,0,1,0,0,0,0,0,0,0,0,0,1,0,1,0,0,0,0,0
0,0,1,0,0,0,0,0,1,0,0,0,0,0,0,0,0,0,0,1,1,1,0,1,0,1,1,0,0,1,0,1,0,0,1,0,0
1,0,0,0,1,0,0,0,1,1,1,1,0,0,0,1,0,0,0,1,0,0,0,0,0,0,0,0,0,0,0,1,0,1,0,0,0
1,0,0,0,0,0,0,0,1,1,1,1,0,0,0,0,0,0,0,1,0,0,0,0,0,0,0,0,0,0,0,0,0,0,0,0,0
0,0,0,0,0,0,0,0,1,1,1,0,0,0,0,1,0,0,1,0,0,0,0,0,0,0,0,0,0,0,0,0,0,0,0,0,0
0,0,0,0,0,0,1,1,1,0,0,0,1,0,0,1,0,0,0,1,0,0,0,0,1,0,1,0,1,1,0,0,0,0,0,0,0
1,0,1,0,0,0,0,1,1,0,0,0,1,0,0,1,0,1,0,0,0,0,0,1,1,1,1,1,1,0,0,1,0,0,0,0,0
0,0,0,0,1,1,0,1,1,0,0,1,0,0,0,1,0,0,0,0,0,0,0,1,1,1,0,0,1,1,0,1,0,0,1,0,0
1,0,1,0,0,1,1,1,1,1,0,1,0,0,0,1,1,1,0,0,1,0,1,1,1,0,0,0,1,1,1,1,0,1,1,0,0
1,0,1,1,0,1,0,0,1,1,0,0,1,0,1,0,0,0,0,0,0,1,0,1,1,0,0,0,1,1,1,1,0,1,1,0,0
0,0,1,1,0,0,1,0,1,0,0,0,1,0,0,0,0,0,1,1,1,0,0,1,1,1,1,1,1,1,0,0,0,1,1,0,0
0,0,1,1,0,0,1,1,1,0,0,1,1,0,1,1,1,1,1,1,0,0,1,0,1,1,0,0,1,0,1,1,0,1,1,1,0
0,0,0,0,1,0,1,0,1,1,0,0,1,0,0,0,1,1,1,1,0,1,0,1,1,1,1,0,1,0,0,0,0,0,0,0,0
1,1,1,1,1,0,0,0,1,1,1,1,0,0,1,0,1,1,0,0,0,0,1,0,1,1,1,0,1,0,1,0,0,1,0,0,0
0,0,1,0,0,0,0,1,1,0,0,0,0,1,0,0,0,0,1,0,0,0,1,1,1,0,0,0,0,1,0,0,0,0,0,0,0
0,0,1,0,0,0,0,0,1,0,0,1,1,0,0,0,0,0,0,0,0,0,0,0,0,0,0,0,0,0,0,0,0,0,0,0,0
0,0,1,1,1,0,1,1,1,0,0,0,0,1,0,0,0,0,0,0,1,1,0,1,1,1,0,0,0,1,0,0,0,0,1,0,0
1,0,1,1,0,0,0,1,1,1,0,0,1,1,1,1,1,1,0,0,0,1,0,1,1,1,1,1,1,1,1,1,1,1,1,0,0
0,0,0,0,0,0,1,1,1,0,1,1,1,0,0,0,0,0,0,0,0,0,0,0,0,0,0,0,0,1,0,0,0,0,0,0,0
1,0,0,1,0,0,0,0,1,0,0,0,1,0,0,0,0,0,0,0,0,0,1,0,1,0,0,0,1,0,0,0,0,0,0,0,0
1,1,1,0,0,0,0,1,1,1,1,0,0,0,0,1,1,0,1,0,1,1,1,1,1,0,1,0,1,1,0,0,0,0,0,0,0
1,0,0,0,0,0,0,0,1,0,1,0,0,0,0,0,1,0,0,1,0,0,0,0,0,0,0,0,0,0,0,0,0,0,0,0,0
0,0,1,1,0,0,1,0,1,1,0,0,0,0,1,1,0,0,0,1,1,1,1,1,0,0,1,0,0,1,0,0,0,0,0,0,0
0,0,1,0,0,0,1,1,1,1,0,1,0,1,1,0,1,0,0,0,1,1,1,0,1,1,1,1,1,1,0,0,0,0,0,0,0
0,0,0,1,0,0,0,0,1,0,1,0,1,0,0,0,1,0,1,0,1,1,1,0,0,0,0,1,1,0,0,1,1,0,0,0,0
1,0,1,0,0,0,0,1,1,0,0,0,0,0,0,0,0,0,0,0,0,0,0,1,1,1,0,1,1,0,0,0,0,0,0,0,1
1,0,0,0,1,0,0,1,1,0,0,0,0,1,1,1,0,0,1,0,1,0,0,1,1,0,1,0,1,1,1,0,0,1,1,0,0
0,1,1,0,0,0,1,1,1,0,0,0,0,1,0,0,1,0,1,0,1,0,1,1,1,0,1,0,1,1,0,0,0,0,0,0,0
0,1,1,1,0,0,0,0,1,1,0,1,1,0,1,1,0,0,1,0,1,1,1,1,1,0,1,1,1,1,0,1,0,1,0,1,0
0,1,1,0,0,0,1,1,1,0,0,0,0,0,0,1,1,1,1,0,0,0,0,0,0,0,0,0,1,1,0,0,0,0,0,0,0
1,0,1,1,1,0,1,1,1,0,1,0,0,1,0,0,0,1,1,0,1,1,0,1,1,1,0,0,1,1,1,1,1,1,0,1,0
1,0,1,1,0,0,1,1,1,0,0,1,0,1,0,1,0,0,1,0,1,1,1,1,0,0,1,1,1,1,1,1,0,0,0,1,1
0,1,0,1,0,0,1,1,1,0,1,0,0,0,1,0,0,1,1,1,1,0,0,0,0,1,0,0,0,1,0,1,1,1,1,0,1
0,1,1,1,0,1,0,1,1,1,0,1,1,0,1,1,0,0,0,1,1,1,0,1,0,1,0,1,1,0,0,1,0,0,0,0,0
0,0,0,0,0,0,0,0,1,0,0,0,1,0,0,0,0,0,0,0,0,0,0,0,0,0,0,0,0,0,0,0,0,0,0,0,0
0,1,1,1,0,0,1,1,1,0,1,1,1,1,0,0,1,0,0,0,1,1,1,1,0,1,0,0,1,0,1,0,0,1,1,0,0
0,1,0,0,0,0,0,0,1,0,0,0,0,0,0,1,1,1,0,0,0,0,1,1,1,1,0,0,1,1,1,1,0,1,0,0,0
0,0,0,1,0,0,0,0,1,0,0,0,0,0,0,0,0,1,1,0,0,1,0,1,1,1,1,0,1,0,1,1,0,0,0,0,0
0,1,0,1,1,0,1,0,1,0,0,1,0,1,0,0,0,0,0,0,0,0,1,1,1,0,0,0,1,1,1,1,0,0,0,0,0
1,1,1,1,1,0,1,0,1,1,0,0,0,0,1,1,0,1,0,0,0,1,0,1,1,1,1,0,1,1,1,0,0,0,0,0,0
1,1,1,1,0,0,1,1,1,1,0,0,1,1,1,1,0,1,0,1,0,1,1,1,1,1,1,1,1,0,1,1,1,0,0,1,1
0,0,0,0,0,0,0,0,1,0,0,0,0,0,0,1,1,0,1,0,1,0,0,0,0,0,0,0,1,0,0,0,0,0,0,0,0
1,0,1,0,0,0,1,1,1,1,0,0,0,0,0,1,1,1,1,1,0,0,0,1,1,1,1,1,0,1,1,0,1,1,1,0,0
1,0,1,1,0,0,0,1,1,0,0,0,0,0,0,0,0,0,0,1,0,1,1,1,1,1,0,0,1,0,1,0,1,0,0,0,0
1,0,1,1,0,0,1,1,1,0,0,0,0,0,0,1,1,1,0,0,0,0,0,1,1,1,0,1,1,0,1,1,1,1,0,0,1
1,1,1,1,0,0,1,1,1,0,1,1,1,1,1,0,1,1,0,0,1,0,1,1,1,1,0,0,0,1,1,0,0,0,1,0,0
1,1,1,0,0,0,0,0,1,0,0,0,0,0,0,1,1,1,0,0,1,0,1,1,1,0,0,0,1,0,0,1,1,0,0,0,0
1,1,1,1,0,0,1,1,1,0,0,0,1,0,1,0,1,1,1,0,1,1,1,1,1,1,0,0,1,1,1,1,0,0,0,0,0
0,0,0,0,0,0,1,0,1,0,0,1,0,1,0,1,0,1,1,1,0,0,0,1,1,0,0,0,1,0,0,1,0,0,0,0,0
0,0,1,1,0,0,0,1,1,0,0,0,0,0,0,0,0,0,0,1,0,0,0,1,1,1,0,0,1,0,1,0,0,0,1,0,0
1,1,1,0,0,0,0,0,1,0,0,1,0,0,0,1,0,0,0,1,0,0,1,1,1,0,0,1,0,1,0,1,1,0,0,0,0
1,1,0,0,0,0,0,0,1,1,0,0,0,0,0,0,0,1,0,1,0,0,0,0,0,0,0,0,0,0,0,0,0,0,0,0,0
0,0,0,0,0,0,0,0,1,0,0,0,0,0,0,0,0,0,0,0,0,0,0,1,1,1,0,1,1,0,0,0,0,0,0,0,0
0,1,0,0,1,1,1,0,1,1,0,0,1,0,0,0,0,1,1,0,0,0,0,1,1,1,1,0,1,1,1,1,1,1,1,0,0
1,1,1,1,0,0,1,0,1,0,1,0,1,0,0,0,1,0,0,1,1,1,1,1,1,1,1,0,1,1,1,0,0,1,1,0,0
0,0,0,1,1,1,0,1,1,1,1,1,0,0,0,0,0,0,0,1,0,0,0,0,0,0,0,0,0,0,0,0,0,0,0,0,0
0,0,1,0,0,1,0,1,1,0,1,1,1,1,0,0,1,1,1,1,0,1,1,1,1,0,0,0,1,0,1,0,0,1,0,0,0
1,1,1,0,1,1,0,0,1,1,1,1,0,1,1,1,0,1,0,0,0,1,1,1,1,1,1,1,1,1,1,0,0,0,1,0,0
1,1,1,1,0,0,1,1,1,1,1,1,1,1,1,0,1,0,0,0,1,0,1,1,1,1,1,1,1,1,1,0,0,0,1,0,0
1,1,1,1,0,0,1,1,1,1,0,1,1,1,1,1,1,1,1,0,0,1,0,1,1,1,1,1,1,1,1,0,0,1,1,0,0
0,0,1,0,1,0,0,1,1,1,0,1,0,0,0,0,0,0,0,0,0,0,1,1,1,1,0,0,1,0,1,1,1,0,0,0,0
1,0,0,0,1,0,1,1,1,0,0,1,0,0,0,0,0,0,0,0,1,0,1,1,0,0,0,1,1,0,0,0,0,0,0,0,0
0,0,1,0,0,0,0,0,1,0,0,1,1,0,0,0,1,1,1,0,0,0,1,0,1,0,0,0,1,0,1,1,0,1,0,0,0
0,0,1,1,0,0,1,1,1,1,0,0,1,1,0,1,0,1,0,1,0,0,1,0,0,0,0,0,0,0,0,0,1,1,0,0,0
1,1,1,1,0,0,1,1,1,1,0,1,1,1,1,1,1,1,1,0,0,1,0,1,1,1,1,1,1,0,1,0,0,1,1,0,0
1,0,0,0,0,0,0,1,1,0,0,0,0,0,0,0,0,0,0,0,0,0,0,1,1,1,1,1,1,0,0,1,0,0,0,0,0
0,0,0,0,0,1,0,0,1,0,0,0,0,0,0,0,0,0,0,0,0,0,0,1,0,0,0,1,1,0,1,1,1,1,0,1,0
0,1,1,0,0,0,0,1,1,1,0,1,0,0,1,0,0,1,0,1,0,0,1,1,1,1,0,1,1,1,1,0,0,0,0,0,0
0,1,1,0,0,0,1,1,1,0,0,1,0,0,0,0,0,0,0,0,0,0,1,1,1,0,0,0,1,1,1,0,0,0,0,0,0
0,0,0,1,0,0,0,1,1,0,1,0,0,1,1,0,1,0,0,0,0,0,1,0,0,0,0,0,0,0,0,0,1,0,0,0,0
1,1,1,1,0,0,1,1,1,1,0,1,1,1,1,1,0,1,1,1,0,1,0,1,1,1,1,0,1,1,1,0,0,1,1,0,0
0,0,0,0,1,0,0,0,1,0,0,0,1,1,0,0,0,1,1,0,0,0,0,1,1,0,0,0,0,0,0,0,0,0,0,0,0
0,0,1,1,0,0,0,0,1,0,1,0,0,0,1,0,0,0,1,1,1,1,1,1,1,0,1,0,1,1,1,1,0,0,1,0,0
1,0,1,1,0,0,1,1,1,0,1,1,1,1,0,0,0,1,0,1,0,0,1,1,1,1,0,1,1,0,1,0,0,0,0,0,1
0,0,1,0,0,0,1,1,1,0,0,1,0,1,0,0,1,1,0,1,1,0,0,1,1,1,1,0,1,1,0,1,0,1,1,0,0
0,0,0,0,0,0,0,0,1,1,1,1,0,0,0,0,0,0,0,1,0,0,0,0,0,0,0,0,0,1,0,0,0,0,0,0,0
0,0,0,1,0,0,1,1,1,0,0,0,0,1,0,1,0,1,0,0,1,0,1,0,0,0,1,0,0,0,0,0,1,0,0,0,0
0,0,1,1,0,0,0,0,1,0,0,0,1,0,0,0,0,0,0,0,0,1,0,1,1,1,0,1,1,1,1,1,1,1,0,0,0
0,1,1,1,1,0,1,1,1,0,0,0,1,1,0,1,1,0,0,1,0,0,0,0,1,0,0,0,1,0,0,0,0,0,0,0,0
0,0,1,0,0,0,0,1,1,0,0,0,0,0,0,1,1,1,0,0,0,0,0,0,0,0,0,0,1,1,0,0,0,0,0,0,0
0,1,0,0,1,0,1,0,1,1,1,0,0,0,1,0,1,1,1,0,1,0,1,0,1,1,0,0,1,1,0,0,0,0,0,0,0
1,0,1,1,1,0,1,1,1,1,0,0,0,0,0,0,0,0,0,0,1,0,0,1,1,1,1,0,1,1,1,1,0,1,1,0,0
0,0,1,1,1,0,1,1,1,0,0,0,0,0,0,0,0,1,0,1,0,0,0,1,0,1,1,0,1,0,1,0,0,1,0,0,0
1,1,1,1,1,0,1,0,1,0,0,1,1,1,1,1,1,1,1,0,1,1,1,1,1,1,0,1,1,0,0,0,1,0,0,0,0
0,0,1,1,0,0,0,0,1,1,0,0,0,0,0,0,0,0,0,1,1,0,0,1,1,0,0,1,1,0,0,1,0,0,1,0,0
0,0,1,0,0,0,0,0,1,1,0,0,0,1,1,0,1,0,0,0,1,1,1,1,0,0,0,0,0,0,0,0,0,0,0,0,0
0,0,1,1,1,0,1,1,1,0,0,0,0,0,0,0,1,0,1,0,0,1,1,1,0,1,0,0,0,1,0,1,1,1,0,0,0
0,0,0,0,0,0,0,1,1,0,0,0,0,0,0,0,0,0,1,0,0,0,0,1,1,0,0,1,1,0,0,0,0,0,0,0,0
0,0,1,0,1,0,0,1,1,0,0,0,1,1,1,1,1,0,1,0,0,0,0,1,0,0,0,0,0,1,1,0,1,0,0,0,0
0,0,0,0,1,0,1,1,1,0,1,0,0,0,0,0,0,0,0,0,0,0,0,1,1,0,0,0,1,0,1,0,0,0,0,0,0
1,1,1,0,0,0,0,0,1,0,1,0,1,0,0,1,1,1,1,1,1,0,1,0,1,1,0,1,1,0,1,0,0,0,0,0,0
0,0,1,0,0,0,0,1,1,0,0,0,0,0,0,0,0,0,0,1,0,0,0,1,1,1,0,0,1,1,1,1,0,0,1,1,0
0,0,1,1,1,0,1,1,1,0,0,1,1,1,0,1,1,0,0,1,1,1,0,1,0,0,1,0,0,1,0,0,0,1,0,0,0
0,0,1,0,0,0,1,0,1,1,1,1,0,1,0,0,0,1,1,1,1,1,1,0,0,1,0,0,0,1,1,0,0,0,0,0,0
1,1,1,1,0,0,1,1,1,1,0,0,1,0,0,1,1,1,0,1,0,0,1,1,1,1,1,0,1,1,1,0,0,1,0,0,0
0,0,1,1,0,0,1,0,1,1,0,0,0,1,0,0,0,1,0,0,0,0,0,1,1,1,0,0,1,0,0,1,1,0,0,0,0
0,0,1,1,1,0,1,1,1,0,0,0,0,1,0,0,0,0,1,0,1,0,0,1,1,1,0,0,0,1,0,0,0,1,1,0,0
0,1,0,0,0,0,1,0,1,0,0,1,1,0,0,0,0,0,0,0,0,0,0,0,0,0,0,0,0,0,0,1,1,1,0,0,0
0,0,1,1,1,0,1,0,1,0,0,0,0,0,0,0,0,0,0,1,0,0,0,1,1,1,0,0,1,0,0,0,0,0,0,0,0
1,1,0,1,0,0,0,0,1,1,0,0,0,1,0,0,0,0,0,0,0,0,0,1,1,1,1,1,0,1,1,1,1,0,0,0,0
0,0,0,0,0,0,0,1,1,0,0,0,0,1,0,0,0,0,0,0,0,0,0,1,1,1,0,0,1,1,0,1,0,0,0,0,0
0,0,0,0,1,1,0,1,1,0,0,0,0,0,0,0,0,0,1,1,1,1,1,0,0,1,0,0,0,0,1,0,0,1,0,0,0
0,1,1,0,1,0,1,1,1,0,0,0,0,1,0,0,1,0,1,0,0,1,1,1,1,0,0,0,1,1,0,0,0,0,0,0,0
1,0,1,1,0,0,1,1,1,0,0,1,1,0,0,1,1,1,0,0,0,0,1,1,1,1,1,0,1,0,1,1,1,0,0,0,0
0,0,1,1,0,0,0,0,1,0,0,0,0,0,0,0,0,1,0,1,0,0,1,1,1,0,0,0,1,0,0,1,0,0,0,0,0
0,0,1,1,1,1,0,1,1,0,1,1,0,0,0,0,1,0,0,1,1,1,1,0,1,1,1,1,0,1,1,0,0,1,0,0,0
0,1,1,0,0,0,1,1,1,1,0,0,0,1,1,1,1,1,0,1,0,1,0,1,1,0,0,0,1,0,0,0,0,0,0,0,0
0,0,1,1,1,0,1,1,1,0,0,1,0,0,0,0,0,0,0,1,0,0,1,1,1,1,0,0,1,1,0,0,0,0,0,0,0
0,0,0,1,0,0,1,1,1,1,0,0,0,1,0,0,0,0,0,0,1,0,1,1,0,1,0,0,0,0,0,0,0,0,0,0,0
0,0,1,1,0,0,1,1,1,0,0,0,1,0,0,0,0,0,0,0,1,0,1,1,1,1,0,0,1,1,0,0,0,0,0,0,0
0,0,1,1,0,0,1,1,1,0,0,0,0,1,0,0,0,0,0,0,0,0,0,1,1,1,0,1,0,0,0,0,1,1,0,0,0
0,0,0,0,0,1,1,1,1,0,0,0,1,0,0,1,0,1,1,1,0,1,0,1,1,0,0,0,1,1,0,0,0,0,0,0,0
0,0,1,1,1,1,0,1,1,0,1,1,0,0,0,0,1,0,0,1,1,1,1,0,1,1,1,1,0,1,1,0,0,1,0,0,0
1,0,1,1,1,0,0,0,1,0,1,0,0,0,0,0,0,1,1,1,0,0,0,0,0,0,0,0,0,0,1,0,0,1,0,0,0
1,0,0,0,1,1,0,1,1,1,1,0,0,0,0,0,0,1,0,0,1,0,1,0,1,0,0,1,1,1,0,1,0,0,0,0,0
1,0,1,0,0,0,0,0,1,0,0,1,1,0,0,0,0,0,0,0,1,1,0,0,0,0,0,0,0,0,0,0,0,0,0,0,0
0,0,0,0,0,0,0,0,1,0,0,0,0,0,0,1,1,0,0,0,1,0,0,0,0,0,0,0,1,0,0,0,1,1,0,0,0
0,0,1,0,1,1,0,0,1,1,0,0,0,0,0,0,0,1,1,0,0,1,0,1,0,0,0,0,1,1,1,1,0,0,1,0,0
0,0,1,1,0,0,0,0,1,1,0,1,0,0,0,0,1,0,0,1,1,1,0,0,0,1,1,0,0,1,0,0,0,0,0,0,0
0,0,0,0,0,1,0,1,1,0,1,0,0,1,0,0,0,0,0,0,0,0,1,1,1,0,0,0,0,0,0,0,0,0,0,0,0
0,0,1,1,0,0,1,1,1,1,0,0,1,0,0,0,1,0,1,0,0,1,1,1,1,1,0,0,1,1,0,1,1,1,1,1,1
0,0,1,0,1,0,0,1,1,1,1,0,1,1,0,0,0,1,1,1,0,1,1,1,1,1,1,1,1,1,0,1,0,1,0,0,0
1,1,1,0,0,0,1,1,1,1,1,1,0,0,0,0,1,1,0,1,0,0,1,1,1,1,0,1,1,1,1,0,0,0,0,0,0
0,0,1,0,0,0,1,0,1,0,0,0,0,0,0,0,0,0,0,0,0,0,1,0,1,0,1,0,0,0,1,1,0,0,0,0,0
0,0,0,0,0,0,0,0,1,1,0,0,0,0,0,0,0,0,0,1,0,0,0,0,0,0,0,0,0,0,0,0,0,0,0,0,0
0,0,1,0,0,0,0,0,1,1,0,1,0,0,0,0,0,0,0,0,0,0,0,1,0,0,0,1,1,0,0,0,0,0,0,0,0
1,1,1,0,0,0,0,0,1,1,0,1,0,1,0,0,0,0,1,1,0,0,0,1,1,0,0,0,0,0,0,0,0,0,0,0,0
0,1,1,0,0,1,1,0,1,0,1,1,0,0,0,1,0,1,0,0,0,0,0,1,1,1,0,0,1,1,0,0,0,0,0,0,0
1,0,1,1,0,0,1,1,1,0,0,0,0,0,0,1,1,1,0,0,0,0,0,0,1,0,0,0,1,1,0,1,1,1,0,0,0
1,0,1,1,0,0,0,1,1,1,0,0,0,0,0,1,0,1,1,1,0,0,0,1,1,1,0,0,1,1,1,1,0,1,1,0,0
0,0,1,0,1,0,0,1,1,0,0,1,1,0,0,0,0,0,0,1,0,0,1,1,1,1,0,0,1,1,0,1,1,1,0,0,0
0,0,1,1,1,0,1,1,1,1,0,0,0,0,1,1,0,1,1,0,0,0,0,1,1,1,0,0,1,1,1,1,1,0,0,0,0
0,0,1,1,0,0,0,1,1,0,0,0,0,0,0,0,0,0,0,1,0,0,0,1,1,1,0,0,1,0,1,1,0,0,1,0,0
0,1,0,0,0,0,0,1,1,0,0,0,0,0,0,0,1,0,0,1,1,1,0,0,1,0,1,0,0,1,1,1,0,0,0,0,0
1,0,0,1,0,0,0,1,1,1,1,0,0,0,0,1,0,0,0,1,0,0,0,0,0,0,0,0,0,0,0,0,0,0,0,0,0
0,0,1,1,0,1,0,1,1,0,0,1,1,0,0,0,0,0,0,1,0,0,1,0,1,1,0,0,1,1,0,0,0,0,0,0,0
1,0,1,0,0,0,0,1,1,0,0,0,0,0,0,0,0,0,0,0,1,1,0,1,1,1,0,1,1,0,1,0,1,0,0,0,0
0,1,1,0,0,0,0,0,1,0,0,1,0,1,0,0,0,1,1,1,1,1,0,0,1,0,0,0,0,1,1,1,0,0,1,1,0
0,0,1,1,1,1,1,1,1,0,0,0,0,0,0,0,0,0,0,0,1,0,1,0,0,0,0,0,0,1,0,0,0,1,1,0,0
0,0,1,0,0,0,0,0,1,0,1,1,0,0,0,0,0,0,0,0,1,0,0,1,1,0,0,0,0,0,0,1,0,0,0,0,0
0,0,0,1,0,0,0,0,1,0,0,0,0,0,1,1,0,1,0,1,0,0,1,1,1,1,1,1,1,0,0,1,0,0,0,0,0
0,0,0,0,0,0,0,1,1,1,1,1,0,1,0,0,0,0,0,1,0,0,0,0,0,0,0,0,0,1,0,0,0,0,0,0,0
1,0,0,0,0,0,0,0,1,0,0,0,0,0,0,0,0,0,0,1,1,1,1,1,0,1,1,0,1,1,1,0,0,0,1,0,0
1,0,1,0,1,0,0,1,1,0,0,0,0,0,0,0,0,0,0,0,0,0,0,1,1,0,0,0,1,0,1,0,1,0,0,0,0
0,0,1,1,1,1,0,1,1,0,0,1,1,1,0,0,0,1,1,1,0,0,1,0,1,1,0,0,1,1,1,1,1,1,1,0,0
0,0,0,1,0,0,1,1,1,1,0,0,0,1,0,1,0,0,1,0,0,1,0,1,1,0,0,0,1,0,0,0,0,0,0,0,0
1,0,1,0,1,1,0,0,1,1,1,1,1,1,0,0,1,1,1,1,0,1,0,1,1,0,0,1,1,1,1,1,1,1,0,0,0
0,0,1,0,0,0,0,1,1,0,0,0,1,0,0,1,1,1,1,1,1,0,1,1,1,1,1,0,1,1,1,1,1,0,0,0,1
0,0,1,0,0,0,0,1,1,0,0,0,0,0,0,0,0,0,0,1,0,0,1,1,1,0,0,0,1,1,0,1,0,0,1,0,0
0,0,1,0,0,0,0,1,1,0,0,0,0,0,0,0,0,0,0,0,0,0,0,1,1,1,0,0,1,1,0,1,0,1,0,0,0
0,0,1,0,0,0,1,1,1,1,1,1,0,0,0,1,0,0,0,1,0,0,0,0,0,0,0,0,0,0,0,0,0,0,0,0,0
0,0,1,0,0,0,0,0,1,0,0,1,1,0,0,0,0,0,0,0,0,0,0,0,0,0,0,0,0,0,0,0,0,0,0,0,0
0,0,1,1,0,0,1,1,1,0,0,0,0,0,0,0,0,0,0,1,1,1,1,1,1,0,1,1,0,0,1,0,0,0,1,0,1
0,1,1,0,1,0,1,1,1,0,0,0,0,0,0,1,0,0,0,0,1,1,1,0,0,0,1,1,0,1,0,0,0,1,0,0,0
1,0,1,0,1,0,1,1,1,1,0,1,0,0,1,1,1,1,0,0,0,0,1,1,1,1,1,1,1,0,0,0,0,0,0,0,0
0,0,0,1,0,0,0,1,1,0,0,0,0,1,1,1,1,1,0,0,0,0,0,0,1,0,0,0,0,1,0,0,0,0,0,0,0
0,0,1,0,0,0,0,1,1,0,1,1,1,0,0,1,1,1,1,1,0,0,0,0,0,0,0,0,1,1,1,1,1,0,0,0,0
0,1,1,0,0,0,0,1,1,0,0,0,0,0,1,0,1,0,0,0,1,1,1,1,0,0,0,0,1,1,0,0,0,0,0,0,0
1,0,0,1,1,0,0,0,1,0,0,0,1,0,0,0,1,1,1,0,1,0,1,1,0,0,0,1,1,1,1,0,1,1,0,0,0
0,0,0,1,1,1,0,0,1,0,0,0,0,0,0,1,1,1,1,0,1,0,0,0,0,0,0,0,1,0,0,0,0,0,0,0,0
0,0,1,1,0,0,0,0,1,0,0,0,0,0,0,0,0,0,0,0,0,0,1,1,1,0,0,0,0,1,0,0,0,0,0,0,0
1,0,1,0,1,1,0,1,1,0,0,1,0,0,0,0,0,1,1,1,0,0,0,0,1,1,0,1,1,0,0,0,0,0,0,0,0
1,0,1,1,0,0,1,0,1,1,0,0,0,0,0,0,1,0,0,1,0,0,1,1,1,1,0,0,0,0,0,0,0,0,0,0,0
1,0,1,1,0,1,1,1,1,1,0,0,1,1,0,0,1,0,0,0,0,1,1,1,1,1,1,0,1,1,0,0,0,0,1,0,0
0,0,0,1,1,0,0,1,1,0,0,1,0,1,0,1,1,1,1,0,0,1,1,0,1,0,0,0,1,1,1,0,0,0,1,0,0
0,0,1,1,0,0,1,0,1,1,0,0,1,0,0,1,0,1,1,1,0,0,1,0,1,1,0,0,1,1,1,1,1,1,1,0,0
1,0,1,0,0,0,1,1,1,0,0,0,0,1,0,1,0,1,0,0,1,1,1,0,1,0,1,1,0,1,1,0,0,1,0,0,0
0,1,1,0,1,0,1,1,1,0,1,0,0,0,0,1,1,1,1,0,0,0,0,0,0,0,0,0,1,0,1,0,0,0,0,0,0
0,0,1,0,0,0,0,1,1,0,0,0,0,1,0,1,0,0,0,0,0,0,1,0,0,0,0,0,0,1,0,0,0,0,0,0,0
1,0,0,1,0,1,0,1,1,0,0,1,1,0,0,1,0,0,0,0,0,0,0,1,1,1,1,0,1,0,0,1,0,0,0,0,0
0,0,0,0,1,1,0,1,1,0,0,0,0,0,0,0,0,0,0,1,1,1,0,0,0,1,1,0,0,1,0,0,0,0,0,0,0
1,0,1,0,0,0,0,1,1,0,1,0,1,0,0,0,0,0,0,1,0,1,1,1,1,1,0,1,1,0,0,0,0,0,0,0,0
0,0,1,1,0,0,0,0,1,1,0,0,0,0,1,0,0,0,0,1,1,0,0,1,1,0,0,1,1,1,0,1,0,0,0,0,0
0,1,0,0,1,0,0,0,1,1,0,0,0,0,0,0,0,0,0,0,1,0,0,1,1,0,0,0,1,0,0,1,0,0,1,0,0
0,0,1,1,0,0,0,1,1,0,0,1,0,0,0,1,0,0,0,0,1,0,1,1,1,1,0,0,1,1,0,1,0,0,0,0,0
1,0,1,0,1,0,0,0,1,0,0,0,0,0,0,0,0,1,0,0,0,0,0,0,1,0,0,0,0,0,0,0,0,0,0,0,0
1,0,1,0,0,0,0,0,1,1,1,0,0,0,0,0,0,1,1,1,1,0,0,1,1,1,0,1,1,1,0,0,0,0,0,0,0
1,0,1,0,0,0,1,1,1,0,0,0,0,0,1,1,1,1,1,0,1,0,1,1,1,0,0,0,1,1,0,0,0,0,0,0,0
1,0,1,0,0,0,1,1,1,0,0,0,0,0,0,1,1,1,1,0,1,0,0,0,0,0,0,0,1,0,0,1,0,0,0,0,0
0,0,1,0,1,0,0,0,1,0,0,0,0,0,0,0,0,1,1,0,0,0,0,1,1,1,1,0,1,1,0,0,0,0,0,0,0
0,0,0,0,0,0,0,0,1,0,0,0,0,1,0,0,0,0,0,1,1,0,0,0,0,0,1,0,0,0,0,0,0,1,0,0,0
0,0,0,0,0,0,0,0,1,0,0,0,0,0,0,0,0,1,0,0,0,0,0,0,0,0,0,0,0,0,0,0,0,0,0,0,0
0,1,1,0,1,1,0,0,1,0,0,1,0,0,0,0,0,1,0,1,0,0,0,1,0,0,1,0,0,0,0,0,0,0,0,0,0
0,0,1,0,0,0,0,0,1,0,0,0,0,0,0,0,0,0,0,1,0,0,0,1,0,0,0,1,0,0,0,0,0,0,0,0,0
0,1,1,0,0,0,1,1,1,0,0,0,0,0,1,0,1,0,0,1,0,0,1,1,1,0,0,0,1,1,1,0,0,0,0,0,0
1,0,1,1,1,0,0,1,1,0,1,1,0,0,0,1,1,0,0,1,0,0,1,1,1,0,0,1,1,1,1,1,0,1,1,0,0
1,1,1,1,0,0,1,1,1,0,1,0,1,0,1,0,0,1,0,0,0,0,1,1,1,0,1,1,1,1,1,0,1,1,0,0,0
0,0,0,0,0,0,0,1,1,0,1,0,0,0,0,0,0,1,0,0,0,0,0,1,1,1,0,1,0,0,1,1,0,1,0,0,0
1,0,1,0,0,0,1,1,1,0,0,0,0,0,0,0,0,0,0,0,1,0,0,1,1,1,0,0,1,0,1,1,1,0,0,0,0
1,0,1,0,0,0,0,0,1,1,1,1,0,0,0,0,0,1,0,0,0,0,1,1,0,0,1,1,0,0,0,0,0,0,0,0,0
0,1,1,0,0,0,0,1,1,1,0,0,0,0,0,0,1,1,1,1,0,1,0,1,1,1,0,0,1,1,1,0,0,1,1,0,0
1,0,1,1,0,0,0,0,1,0,0,0,0,0,0,0,0,0,0,1,1,0,0,1,1,0,0,0,1,0,0,0,0,0,0,0,0
0,0,1,0,0,0,0,0,1,0,1,0,1,1,0,0,0,0,0,0,1,0,1,0,0,0,0,0,0,0,0,0,0,0,0,0,0
1,0,0,1,1,0,1,1,1,0,0,0,0,1,1,0,0,1,1,1,0,1,0,0,0,0,0,0,1,0,0,1,0,0,0,0,0
0,0,0,0,1,0,0,1,1,0,0,0,1,0,0,0,0,0,0,0,0,1,0,1,1,0,0,0,1,0,0,0,0,0,0,0,0
0,0,1,1,1,0,0,1,1,0,0,0,0,0,0,0,0,0,0,0,0,0,0,1,0,0,0,0,1,0,0,0,0,1,0,0,0
1,0,0,0,0,0,1,0,1,0,0,1,0,0,1,1,1,1,1,0,0,0,1,1,1,0,0,0,0,1,0,0,0,0,0,0,0
0,0,0,1,0,0,0,0,1,0,0,1,0,0,0,1,1,0,0,0,0,0,1,1,0,0,1,1,0,0,0,1,0,0,0,0,0
0,0,0,1,1,0,0,1,1,0,0,1,0,0,0,0,0,0,1,0,0,0,0,1,0,0,0,0,0,1,0,1,0,1,0,1,0
0,1,0,0,0,0,0,0,1,1,0,1,1,1,0,0,0,1,0,0,0,1,1,1,1,1,1,0,0,0,0,0,0,0,0,0,0
0,0,0,0,0,0,1,0,1,0,0,0,0,0,0,0,0,0,0,0,1,1,1,1,1,0,1,1,0,0,0,0,0,1,0,0,0
1,0,1,0,0,0,0,1,1,0,0,1,1,0,0,0,0,0,0,1,0,0,0,1,1,1,0,0,1,0,1,1,1,0,0,0,0
0,0,1,0,1,0,0,1,1,0,0,0,0,0,0,0,0,0,1,0,0,1,0,1,1,1,0,0,1,1,0,0,0,0,0,0,0
1,0,0,1,0,0,0,1,1,0,0,0,1,1,0,0,0,0,0,1,0,1,0,1,1,1,0,0,1,0,0,1,0,0,1,0,0
1,0,1,0,0,0,0,1,1,0,0,0,1,0,0,0,0,0,0,0,0,0,0,1,1,1,0,0,1,1,0,0,0,0,0,0,0
1,0,1,0,1,0,0,1,1,0,0,0,0,0,0,0,0,0,0,0,1,0,0,1,1,1,0,0,1,0,0,0,0,0,0,0,0
0,0,0,0,0,0,0,1,1,0,0,0,0,0,0,0,0,0,0,0,0,0,0,1,1,0,0,0,0,0,0,0,0,0,0,0,0
1,0,1,1,0,0,1,1,1,0,0,0,0,1,0,0,1,1,1,0,0,0,0,1,0,0,0,0,0,0,0,1,1,1,0,0,0
0,0,1,0,1,0,1,1,1,0,0,0,0,0,0,0,0,0,0,1,1,0,0,0,0,0,1,0,0,0,0,0,0,0,0,0,0
1,0,1,0,0,0,1,1,1,0,0,0,1,0,0,0,0,1,0,1,0,0,1,1,1,1,0,0,1,1,1,1,0,0,1,0,0
0,0,1,1,1,0,1,1,1,0,0,0,0,0,1,0,1,0,1,1,1,0,0,0,0,0,1,0,0,1,0,0,0,0,0,0,0
0,0,0,0,0,0,0,0,1,1,0,0,0,0,0,0,1,0,0,1,1,1,0,0,0,0,1,0,0,0,0,0,0,1,0,0,0
0,0,0,1,0,0,1,1,1,0,0,0,0,0,0,0,0,0,0,0,0,0,1,0,0,0,0,0,0,0,0,0,0,0,0,0,0
1,0,1,0,0,0,1,1,1,1,0,1,1,1,0,0,1,1,1,1,1,0,1,1,1,1,1,1,1,0,1,0,1,1,1,0,0
1,1,1,0,0,0,1,1,1,1,1,1,1,1,0,0,1,1,0,1,0,0,1,1,1,1,1,0,1,0,0,0,0,0,0,0,0
0,0,1,1,0,1,1,1,1,1,0,0,1,0,0,1,0,0,1,1,0,0,0,0,1,1,0,0,1,0,1,0,0,0,0,0,0
0,0,0,0,0,0,0,1,1,0,0,1,0,0,0,0,0,0,1,0,1,1,0,0,0,0,0,1,0,0,0,1,0,1,0,0,0
1,1,1,0,0,1,0,0,1,0,0,1,1,0,1,1,0,1,1,1,0,1,1,1,1,1,1,1,1,0,1,1,1,0,0,1,1
0,1,0,0,1,0,1,0,1,0,1,0,1,0,0,1,1,1,1,1,0,0,0,1,1,1,1,0,1,1,1,1,0,0,0,0,0
0,0,1,0,0,0,0,0,1,1,0,1,0,1,0,0,0,0,0,1,0,0,0,0,0,0,0,0,0,0,0,0,0,0,0,0,0
1,0,1,1,1,0,1,1,1,1,1,1,0,0,0,0,0,1,0,0,0,0,1,1,1,1,0,1,1,1,0,1,1,0,0,0,0
0,0,1,0,0,0,0,1,1,1,0,1,0,0,0,1,1,1,1,1,0,0,1,1,1,1,0,0,1,0,1,1,1,1,0,1,1
0,0,0,1,1,0,0,0,1,0,0,0,1,0,1,0,0,0,1,1,0,1,0,0,1,1,0,0,0,1,1,0,0,0,1,0,0
0,0,0,0,1,1,0,0,1,1,0,0,0,1,0,0,0,1,0,0,0,0,0,1,1,0,0,0,1,0,0,0,0,0,0,0,0
0,0,1,0,0,0,0,0,1,0,0,0,0,0,0,0,0,0,0,0,0,0,0,1,1,1,0,0,0,0,0,0,0,0,0,0,0
1,0,0,0,0,0,0,1,1,0,0,1,1,0,0,0,0,0,0,0,1,0,1,1,1,1,0,0,1,1,1,1,0,1,0,0,0
1,0,1,1,0,0,0,1,1,0,0,0,0,1,0,1,0,0,0,0,0,0,0,1,1,1,0,0,1,1,1,1,0,0,1,0,0
0,0,0,0,1,0,0,1,1,1,0,0,1,0,1,0,1,1,1,1,0,0,0,0,0,0,0,0,0,0,0,0,0,0,1,0,0
1,1,1,1,0,0,0,1,1,0,0,0,1,0,1,0,0,1,0,0,1,0,1,1,1,1,1,1,0,0,0,0,0,0,0,0,0
0,1,1,0,0,1,1,0,1,0,1,1,0,0,0,0,0,1,1,1,1,0,1,0,0,0,0,0,0,0,0,0,1,0,0,0,0
0,0,1,1,0,0,0,0,1,0,0,0,0,0,1,0,1,0,1,0,1,0,1,1,1,0,0,1,1,1,1,0,1,1,0,0,0
0,1,1,0,0,0,0,0,1,1,1,0,0,0,0,0,0,0,0,1,0,0,0,0,0,0,0,0,0,0,0,0,0,0,0,0,0
0,0,1,0,1,0,0,0,1,0,0,0,0,0,0,0,0,1,1,1,0,0,0,1,0,0,0,0,0,1,0,0,0,0,0,0,0
1,0,1,1,1,0,0,1,1,0,0,1,1,0,0,0,0,0,0,1,0,0,0,1,1,1,0,0,1,1,1,1,1,1,0,0,0
0,0,1,0,0,0,1,1,1,0,0,0,1,0,0,0,0,1,0,1,0,1,0,1,1,1,1,0,1,1,0,0,0,0,0,0,0
0,0,0,1,0,0,1,0,1,0,0,1,1,1,0,0,1,0,0,0,0,0,0,0,0,0,0,0,0,1,0,1,0,0,0,0,0
0,0,1,1,0,0,1,1,1,0,0,0,0,1,0,0,0,0,0,0,0,0,0,1,1,0,1,0,1,1,0,0,0,0,0,0,0
0,0,1,0,0,0,0,1,1,1,0,0,0,0,0,0,0,0,0,1,0,0,0,0,0,0,0,0,0,1,1,0,0,0,1,0,0
0,0,0,0,0,1,1,1,1,0,0,0,1,0,0,1,0,0,0,0,0,1,0,1,1,1,0,0,1,1,0,0,0,0,0,0,0
1,0,0,0,0,1,1,1,1,0,0,1,0,0,1,0,1,1,0,0,0,0,1,1,1,1,1,1,0,1,1,1,1,1,0,0,1
0,1,1,0,1,0,0,1,1,0,0,0,0,0,0,0,0,0,1,0,0,0,1,1,1,0,0,0,1,1,0,0,0,0,0,0,0
0,0,0,0,1,0,0,1,1,0,0,0,0,0,1,0,0,0,0,0,0,0,0,1,1,0,0,0,1,1,0,1,0,0,1,0,0
1,0,1,1,1,0,0,1,1,1,0,0,0,0,1,0,1,0,0,1,1,1,1,1,0,1,1,0,0,1,1,1,0,1,0,0,0
0,0,1,1,0,1,1,1,1,0,0,0,0,0,0,0,0,0,0,0,0,0,1,1,1,0,0,0,1,0,0,1,0,1,0,0,0
0,1,0,1,0,0,0,0,1,1,0,0,0,0,0,0,0,0,1,1,0,0,0,0,0,0,0,0,0,0,0,0,0,0,0,0,0
1,0,1,1,1,0,0,0,1,0,0,0,0,1,0,0,1,0,0,1,1,1,1,1,1,0,1,1,0,0,1,0,0,0,1,1,1
0,0,1,1,0,0,1,1,1,1,0,0,0,1,0,1,0,1,0,0,1,1,1,1,1,0,0,0,0,1,0,0,0,1,0,0,0
1,0,0,0,1,0,1,1,1,0,0,0,0,0,0,0,0,0,0,1,1,0,0,0,0,0,1,0,0,1,0,0,0,0,0,0,0
1,1,1,0,0,0,0,0,1,0,0,0,0,0,0,1,0,1,1,1,0,0,0,1,1,1,0,0,1,0,0,0,0,0,0,0,0
1,0,1,0,1,0,1,1,1,1,0,0,0,0,0,0,0,0,0,0,0,0,0,1,1,0,0,0,0,0,0,0,0,0,0,0,0
1,0,1,0,0,0,0,0,1,0,0,0,1,0,0,0,0,0,0,0,0,0,0,0,0,0,0,0,0,0,0,0,1,0,0,0,0
0,0,1,1,1,0,0,0,1,0,0,0,0,1,0,1,0,0,0,0,0,1,0,0,1,0,0,0,1,1,0,0,0,0,0,0,0
0,0,0,0,0,0,0,1,1,0,0,0,0,0,0,0,0,0,0,1,0,0,1,1,1,1,0,0,1,1,0,1,0,1,0,0,0
1,0,0,1,1,0,0,1,1,0,0,1,0,1,0,0,1,0,0,0,0,0,1,1,1,1,0,0,1,1,1,0,0,0,0,0,0
1,0,1,0,0,0,1,1,1,0,0,0,0,0,0,1,1,0,0,1,0,0,1,0,1,1,1,0,0,0,0,0,0,1,0,0,0
0,0,1,0,0,0,0,0,1,0,1,1,1,0,0,1,0,1,0,0,0,1,0,0,0,0,0,0,0,0,0,0,1,0,0,0,0
1,0,1,1,1,0,0,0,1,0,0,0,0,0,0,0,0,0,0,0,0,0,0,1,1,0,0,1,1,0,1,0,0,1,0,0,0
1,0,1,1,1,0,0,1,1,1,1,0,1,0,1,1,0,1,1,1,1,0,1,1,1,1,1,0,1,1,1,1,0,1,1,0,0
0,0,0,0,0,0,1,0,1,0,0,1,1,1,0,0,1,0,0,0,0,0,0,0,0,0,0,0,0,0,1,1,1,0,0,0,0
1,0,1,0,1,0,0,1,1,0,0,0,1,0,0,1,1,0,1,0,1,0,0,0,1,0,0,0,1,1,1,1,0,0,0,0,1
0,0,1,0,0,0,0,0,1,0,0,1,0,0,0,1,1,1,1,1,1,1,0,0,0,0,0,0,0,0,1,0,0,1,0,0,0
0,0,1,1,0,0,0,1,1,0,0,0,0,0,0,0,0,0,0,1,1,0,1,1,1,1,0,0,1,0,0,0,0,0,0,0,0
0,1,0,0,0,1,0,0,1,0,0,0,0,0,0,0,0,0,0,0,0,1,0,1,0,1,0,0,1,0,0,0,0,0,0,0,0
0,0,0,0,0,0,0,0,1,1,0,0,0,0,0,0,0,0,0,0,0,0,0,0,0,0,0,0,0,0,0,0,0,0,0,0,0
0,0,0,0,0,0,0,0,1,1,1,0,1,0,0,0,1,0,0,0,1,0,1,1,1,1,0,0,1,1,0,0,0,0,0,0,0
0,0,1,1,0,0,1,1,1,1,0,0,1,1,0,0,0,1,1,1,0,1,0,1,1,1,0,0,1,1,1,0,0,0,0,0,0
0,0,1,1,1,0,1,1,1,0,0,0,0,0,0,0,0,0,1,1,1,0,0,1,1,0,0,0,0,1,1,0,0,1,1,0,0
1,0,1,1,1,0,0,0,1,0,0,0,0,1,0,0,0,0,0,1,1,0,0,1,1,1,0,1,1,1,1,1,0,0,0,0,0
0,0,1,0,1,0,0,1,1,1,1,0,0,0,0,0,0,0,0,0,1,0,0,1,1,1,0,0,1,0,0,0,0,0,0,0,0
0,0,0,1,1,0,1,0,1,0,0,0,1,0,0,0,0,0,0,0,0,0,0,1,1,0,0,0,0,0,0,0,0,0,1,0,0
1,0,0,0,0,0,0,0,1,0,0,0,0,0,0,0,0,0,0,0,0,0,0,0,0,0,0,0,0,0,0,0,0,0,0,0,0
0,0,1,0,1,1,0,1,1,1,1,1,0,1,0,0,0,0,0,1,0,0,0,0,0,0,0,0,0,1,1,0,1,0,0,1,0
0,0,0,0,0,0,0,0,1,0,0,0,0,0,0,0,0,0,0,0,0,0,1,1,0,0,0,0,0,0,0,0,0,1,0,0,0
1,0,1,0,1,0,0,0,1,1,0,0,1,1,0,0,0,1,0,0,0,0,0,1,1,1,0,0,0,1,1,0,0,1,1,0,0
1,0,1,0,0,0,0,0,1,0,0,0,0,0,0,0,0,0,0,0,0,0,0,1,1,1,0,0,1,1,1,1,1,0,0,1,0
1,1,1,0,0,0,1,1,1,0,1,0,1,1,0,1,1,1,1,1,1,1,0,1,1,0,1,0,1,1,0,1,1,1,1,0,0
0,0,0,0,0,0,0,0,1,0,0,0,0,1,0,0,0,0,0,0,0,0,0,1,1,1,0,0,1,0,0,1,0,0,0,0,0
1,1,0,1,1,0,1,1,1,0,0,0,1,0,1,0,0,0,0,0,1,0,1,1,1,0,1,0,0,0,0,1,0,0,0,0,0
0,0,1,0,0,1,0,1,1,1,1,0,0,0,0,0,0,0,0,0,0,0,0,0,0,0,0,0,0,0,0,0,0,0,0,0,0
1,0,1,1,0,1,1,1,1,1,0,1,0,0,0,0,0,0,0,0,1,1,1,1,1,0,0,0,1,1,1,1,0,1,1,0,0
0,0,1,0,0,0,0,0,1,0,0,0,0,0,0,0,0,0,0,0,0,0,0,1,1,0,0,1,1,0,0,0,0,1,0,0,0
1,0,1,0,0,0,0,0,1,0,0,0,0,0,0,0,0,0,1,0,0,0,1,1,1,0,0,0,1,1,0,0,0,0,0,0,0
1,0,0,1,0,1,1,1,1,1,0,0,1,1,0,0,0,1,0,0,1,1,1,1,1,0,1,1,0,1,1,0,1,1,1,0,0
1,0,1,0,0,0,1,1,1,0,1,0,0,1,0,0,0,1,0,0,1,1,0,1,1,1,1,0,1,0,1,0,0,0,0,0,0
1,0,1,1,1,0,1,1,1,1,0,0,1,0,0,1,1,1,0,0,0,1,0,1,1,1,0,0,1,1,0,1,1,1,0,0,0
1,0,1,1,0,0,1,1,1,1,0,0,1,0,0,1,0,1,0,0,0,0,1,1,1,1,1,1,1,1,1,0,0,0,1,0,0
1,0,1,0,1,0,0,1,1,0,1,1,1,0,1,1,0,0,0,0,0,0,1,1,1,1,0,0,1,1,1,0,1,0,0,0,0
0,0,1,0,0,0,1,0,1,0,0,1,0,0,1,1,1,0,1,1,1,0,0,1,1,1,0,1,1,1,1,1,0,0,1,1,0
1,0,1,0,0,0,1,1,1,0,0,0,1,0,0,0,0,0,0,0,1,1,1,0,1,0,1,1,0,0,0,1,0,0,0,0,0
1,0,1,0,1,0,0,1,1,0,0,0,0,1,1,0,0,1,1,0,0,0,0,1,1,0,1,0,1,1,0,1,0,0,0,0,0
0,0,1,1,0,0,1,1,1,0,0,0,0,0,0,1,1,1,1,1,0,0,0,1,1,0,0,0,1,1,1,1,1,1,0,0,0
1,0,0,1,0,0,0,0,1,0,1,0,0,0,0,0,0,0,1,0,1,0,1,1,1,0,0,0,1,1,0,0,0,0,0,0,0
0,0,0,0,1,0,1,1,1,0,0,1,0,0,0,0,1,1,0,0,1,0,1,1,0,1,0,0,1,0,0,1,0,0,1,1,1
0,0,0,0,0,0,0,0,1,0,0,0,0,1,0,0,0,0,0,0,0,1,0,1,1,1,0,1,1,0,0,0,0,0,0,0,0
0,0,0,0,0,0,1,1,1,0,0,0,1,0,0,0,0,0,0,0,0,1,0,1,1,0,0,0,1,1,1,1,0,0,0,0,0
1,0,0,0,0,0,0,0,1,0,0,1,1,1,1,0,0,1,0,0,0,0,1,0,0,0,0,0,0,0,0,0,0,0,0,0,0
1,0,1,1,0,0,0,1,1,1,0,1,1,0,1,1,1,1,1,1,1,1,0,1,1,1,1,0,1,0,0,0,0,0,1,0,0
0,0,1,0,1,0,0,1,1,0,0,0,1,1,1,0,0,0,0,1,0,0,1,0,0,0,0,0,0,0,0,1,0,0,0,0,0
1,0,1,1,0,0,0,0,1,0,0,0,0,1,0,0,0,0,0,0,0,1,0,1,1,1,0,1,1,1,0,0,0,0,0,0,0
0,0,0,0,0,0,1,0,1,0,1,0,0,0,1,1,1,1,0,0,0,0,0,1,1,0,0,0,0,1,1,0,0,0,1,0,0
0,0,1,1,1,0,0,0,1,1,1,0,0,0,1,1,1,1,1,1,1,0,0,0,0,0,0,0,1,1,0,0,0,0,0,0,0
0,1,0,0,0,0,0,0,1,0,1,0,0,0,0,0,0,1,0,0,1,0,1,0,1,0,0,0,1,0,0,0,0,0,0,0,0
0,0,1,0,0,0,0,1,1,1,0,0,0,0,0,1,0,0,0,0,0,0,0,1,1,1,0,1,1,1,1,0,1,1,0,0,0
1,0,0,0,0,0,1,1,1,0,0,0,1,1,0,0,0,0,0,1,1,0,1,1,1,0,1,0,0,1,0,0,0,0,0,0,0
1,0,1,1,1,0,1,1,1,1,1,1,1,1,1,1,1,0,0,0,1,0,0,0,0,0,0,0,0,0,0,1,0,0,1,0,0
0,0,1,0,0,0,1,1,1,0,0,0,0,0,0,0,0,0,0,0,0,0,0,1,1,0,0,1,1,1,1,0,0,0,0,0,0
1,0,0,0,0,0,0,0,1,0,0,0,0,0,0,0,0,0,0,1,1,1,0,0,0,1,0,0,0,0,0,0,0,0,0,0,0
0,0,0,0,1,0,0,1,1,0,0,0,0,0,0,0,0,0,0,0,0,0,0,1,1,0,0,0,1,1,1,0,1,0,0,0,0
0,0,0,0,0,1,0,0,1,1,0,0,1,0,0,1,0,1,1,1,0,1,0,0,1,1,0,0,1,0,1,0,0,0,0,0,0
0,0,1,1,1,0,1,1,1,0,0,1,0,0,0,0,1,1,0,0,0,1,0,1,1,1,0,1,1,1,1,1,1,1,0,0,0
0,0,0,1,1,0,1,1,1,0,0,0,0,0,0,0,0,1,0,0,0,0,0,1,1,1,0,0,0,1,1,0,0,0,0,0,0
1,0,1,0,1,0,1,1,1,0,0,0,0,0,0,0,0,0,1,0,0,1,1,1,1,1,0,1,1,1,1,0,0,1,0,0,0
0,0,1,1,0,0,1,0,1,0,0,0,0,0,0,1,1,1,1,0,1,0,0,0,1,0,0,0,1,1,1,1,1,0,0,0,0
0,0,0,1,1,0,0,0,1,0,0,0,0,0,0,0,0,1,1,1,0,0,0,1,1,1,0,1,1,0,0,1,0,0,0,0,0
1,0,1,1,1,0,0,0,1,0,0,0,1,1,0,1,1,0,0,0,0,1,0,1,1,0,0,0,0,0,0,0,0,0,0,0,0
1,0,1,0,0,0,0,1,1,0,0,0,1,0,0,1,1,1,1,0,1,0,1,0,0,0,0,0,1,0,1,0,0,1,1,1,0
0,0,1,0,1,0,0,0,1,0,0,1,0,0,0,1,1,0,0,1,1,1,0,0,1,0,1,0,1,1,1,1,0,1,1,0,0
0,0,1,0,0,0,0,1,1,1,0,0,0,0,0,0,0,0,0,1,1,1,0,0,0,1,0,0,0,1,0,0,0,0,0,0,0
0,0,1,1,0,0,1,1,1,0,0,1,0,0,0,0,0,1,0,1,0,1,0,1,1,1,0,0,1,1,1,1,1,1,0,0,0
0,0,1,0,0,1,0,0,1,0,0,0,0,0,0,0,0,0,0,0,1,1,1,0,0,0,0,1,0,0,0,0,0,1,0,0,0
0,0,1,0,0,0,0,1,1,1,0,0,0,0,0,0,1,0,1,0,0,0,0,0,0,0,0,0,0,0,1,1,1,0,0,0,1
0,0,1,0,1,1,0,1,1,0,0,0,1,0,1,1,0,0,0,0,1,0,1,1,1,1,0,0,1,1,1,1,1,0,0,1,0
0,0,1,1,1,0,0,1,1,0,0,1,0,0,0,1,0,0,0,0,0,0,1,1,1,1,0,0,1,1,1,1,1,1,0,0,0
0,0,1,0,1,1,0,1,1,0,0,0,0,0,1,1,0,0,0,0,0,0,1,1,1,1,1,0,1,0,0,0,0,0,0,0,0
1,0,1,1,0,0,0,1,1,1,1,1,0,1,0,0,0,0,0,1,0,0,0,0,0,0,0,0,0,0,0,0,0,1,0,0,0
0,0,0,0,0,0,0,0,1,0,1,0,0,0,0,1,1,0,1,0,1,1,0,0,0,0,0,0,1,1,1,0,1,1,0,0,0
1,0,1,1,0,0,0,1,1,1,1,1,0,1,0,1,0,0,1,1,0,0,0,0,0,0,0,0,0,0,1,1,1,0,0,0,0
0,1,0,0,0,0,0,0,1,0,0,0,1,1,1,0,0,0,0,0,1,0,0,0,0,0,0,0,0,0,0,0,0,0,0,0,0
0,0,1,0,1,0,0,1,1,1,0,0,0,0,0,0,1,1,0,1,0,1,0,1,1,0,0,0,1,1,1,1,0,1,1,0,0
1,0,0,0,1,0,0,1,1,0,0,0,0,0,0,0,0,0,0,0,0,0,0,1,1,1,0,1,1,1,1,1,0,0,1,0,0
0,0,0,0,0,0,0,1,1,0,1,0,0,0,1,1,1,1,0,0,0,0,0,0,0,0,0,0,1,0,1,0,0,0,0,0,0
1,0,0,1,0,0,0,1,1,0,0,0,0,0,0,0,0,1,0,0,0,0,0,1,1,0,1,0,1,1,0,0,0,1,1,0,0
1,0,1,0,0,0,0,0,1,0,0,0,0,0,0,0,0,0,0,0,0,0,0,1,1,1,1,0,1,0,1,1,1,1,0,1,0
0,0,1,0,0,0,0,0,1,0,0,0,0,0,0,0,0,0,0,0,0,1,0,0,0,1,0,1,0,0,0,0,0,0,0,0,0
1,1,0,1,1,0,1,0,1,0,0,0,0,0,0,0,0,1,0,0,0,0,1,0,1,1,0,0,1,1,1,1,0,1,0,0,0
1,0,1,0,0,0,1,1,1,1,0,0,1,1,0,0,0,1,0,0,1,1,1,0,1,1,0,1,0,0,0,0,1,0,0,0,0
1,0,1,1,1,0,1,1,1,0,0,0,0,0,0,0,0,1,1,1,1,1,1,1,1,1,0,1,1,0,0,1,1,0,0,1,1
0,1,0,0,0,0,0,0,1,0,1,0,0,0,0,0,0,0,0,0,0,0,1,1,0,0,0,0,0,0,0,0,0,0,0,0,0
0,0,0,0,0,0,1,1,1,1,0,1,0,0,0,0,0,0,0,1,0,0,0,0,0,0,0,0,0,0,0,0,0,0,0,0,0
0,0,1,1,0,1,0,1,1,0,0,0,1,0,0,0,1,1,1,0,0,1,0,0,0,0,0,0,0,0,1,0,0,0,0,0,0
0,0,1,0,1,0,0,0,1,1,0,0,0,0,0,0,0,1,0,1,0,0,1,1,1,1,0,0,1,1,0,0,0,1,1,0,0
0,0,0,0,0,0,0,0,1,0,0,0,0,0,0,0,0,1,0,0,1,0,1,1,1,1,0,1,0,0,0,0,0,0,1,0,0
0,0,1,0,0,0,0,1,1,1,1,1,1,1,1,0,1,0,1,1,0,0,0,0,0,0,0,0,0,1,0,0,0,0,0,0,0
0,0,1,1,0,1,0,1,1,0,1,1,0,0,1,1,1,1,0,0,0,0,1,1,1,0,1,0,1,1,1,1,1,1,1,0,0
0,0,1,0,0,0,0,0,1,0,0,0,0,1,0,0,0,0,0,0,1,1,0,1,1,1,0,0,1,0,0,0,0,0,0,0,0
0,0,0,1,0,0,0,1,1,1,0,0,0,0,0,0,0,0,0,0,0,0,0,1,1,1,0,0,1,1,0,1,0,0,0,0,0
0,0,1,0,0,1,0,1,1,0,0,1,1,0,0,1,1,1,1,1,0,0,1,1,1,1,1,0,1,1,1,1,1,0,0,0,0
0,0,1,0,0,0,0,0,1,0,0,0,1,1,0,0,0,0,0,0,1,0,1,0,0,0,0,0,0,0,0,0,0,0,0,0,0
0,0,1,1,1,0,0,1,1,0,1,0,0,0,0,0,0,1,0,0,0,0,0,1,1,1,0,0,1,1,1,0,0,1,1,0,0
0,0,1,1,1,0,1,1,1,1,0,0,0,0,0,1,1,0,0,0,0,1,0,1,1,0,1,0,0,1,1,0,0,1,1,0,0
0,0,0,0,1,1,1,1,1,0,0,1,0,0,0,0,0,0,0,0,0,0,0,1,0,0,0,0,1,0,0,0,0,0,0,0,0
1,0,1,0,0,0,1,1,1,0,1,1,0,0,1,1,1,1,0,0,1,0,1,1,1,1,0,0,1,1,1,0,0,0,1,0,0
0,0,1,0,0,0,0,0,1,0,0,0,0,0,0,0,0,1,0,0,0,0,0,1,1,1,0,0,1,1,1,1,1,0,1,1,0
0,0,1,0,1,1,0,1,1,0,0,0,0,1,1,0,1,0,0,1,0,1,0,1,1,1,1,1,0,1,0,0,0,0,1,0,0
1,0,1,1,1,0,1,1,1,0,0,0,1,0,0,0,1,1,1,0,0,0,1,1,1,1,1,0,1,1,1,1,1,1,0,0,0
0,0,1,0,1,0,1,1,1,1,0,0,0,0,0,0,0,1,0,1,0,0,1,1,1,1,0,0,1,1,0,1,1,0,0,0,0
1,0,0,1,1,0,0,1,1,1,1,0,0,1,0,0,0,1,0,1,0,0,1,1,1,0,0,0,1,1,1,1,1,0,0,0,0
0,1,0,0,0,0,0,0,1,0,0,0,1,0,0,0,0,0,0,0,0,0,1,1,0,0,0,1,0,0,0,0,0,0,0,0,0
1,1,1,0,0,0,0,0,1,0,0,1,1,0,0,0,0,0,0,0,0,0,0,0,0,0,0,0,0,0,0,0,0,0,0,0,0
0,0,0,0,0,0,0,1,1,0,0,0,0,1,0,1,0,0,0,0,1,1,1,1,1,0,1,1,0,0,1,0,0,0,1,0,0
0,1,0,0,0,0,0,1,1,0,0,1,0,0,0,1,0,1,1,1,1,0,1,1,0,1,0,0,1,1,0,1,0,0,1,1,0
0,0,1,0,0,0,0,0,1,0,1,0,0,0,0,0,0,1,0,0,1,0,0,0,0,0,0,0,0,0,0,0,0,0,0,0,0
0,0,1,0,0,0,0,0,1,0,0,0,0,1,1,0,0,0,0,0,0,1,1,1,1,1,0,0,1,1,1,0,0,0,0,1,0
0,0,0,0,0,0,1,1,1,0,0,0,0,0,0,0,1,0,0,0,0,0,1,1,0,0,1,1,0,1,1,0,1,1,0,0,0
0,0,0,0,0,0,0,0,1,1,0,0,0,0,0,0,0,0,0,1,0,0,0,0,0,0,0,0,0,0,0,0,0,1,0,0,0
0,0,0,0,0,0,0,0,1,1,0,0,0,0,0,0,0,0,0,1,0,0,0,0,0,0,0,0,0,0,0,0,0,0,0,0,0
0,0,1,0,0,1,0,0,1,1,0,0,0,0,0,0,0,0,1,1,1,0,0,0,1,1,0,0,0,0,1,0,0,0,0,0,0
0,0,1,0,0,0,0,1,1,0,0,0,1,0,1,1,0,0,0,0,0,1,0,1,1,1,1,1,1,0,1,0,0,1,0,0,0
0,0,0,0,0,0,0,1,1,1,1,0,1,0,0,0,1,0,0,0,1,1,0,1,1,0,0,1,0,0,1,1,0,0,0,0,0
0,0,1,1,1,0,0,1,1,0,0,0,0,0,0,0,0,0,0,0,0,0,1,1,1,1,0,0,1,1,1,0,0,0,0,0,0
1,0,1,0,1,0,1,0,1,0,1,0,1,1,0,1,0,1,0,0,0,0,0,1,1,1,1,1,1,1,1,1,0,0,1,0,0
1,1,1,0,1,0,0,1,1,0,1,0,0,0,0,0,0,1,1,0,1,1,1,1,0,1,1,1,1,1,1,0,1,0,0,0,0
1,1,0,1,1,0,1,1,1,1,1,1,1,1,1,0,1,0,1,0,1,1,1,1,1,1,0,0,1,1,1,1,0,0,0,1,0
0,0,0,0,1,1,0,0,1,0,0,0,0,0,1,0,0,0,0,0,0,0,0,1,1,0,0,0,0,0,0,1,1,1,0,0,0
0,0,1,0,0,0,0,1,1,0,0,0,1,0,0,0,0,0,0,0,1,1,1,1,1,0,0,1,1,0,0,0,0,0,0,0,0
0,0,1,0,1,0,0,1,1,1,0,0,0,0,0,1,0,0,1,1,1,1,0,0,0,1,0,0,0,0,1,0,0,1,0,0,0
0,0,0,0,0,1,0,1,1,1,0,0,0,0,0,0,0,1,1,0,0,0,0,1,1,1,1,0,1,0,0,0,0,0,0,0,0
0,0,1,1,0,0,0,1,1,0,0,0,0,0,0,0,0,1,0,0,0,0,0,1,1,1,1,1,1,1,0,0,1,1,0,0,0
0,0,1,0,0,0,1,1,1,0,1,0,0,0,0,1,1,1,1,0,1,0,0,0,0,0,0,0,1,1,0,0,0,0,0,0,0
1,0,1,1,1,0,1,0,1,0,0,0,0,0,0,0,0,1,0,0,0,0,0,1,1,1,1,0,1,1,0,1,0,0,1,0,0
0,0,1,1,0,0,0,0,1,0,1,0,1,0,0,0,0,0,1,0,0,1,1,1,0,0,0,1,0,1,0,0,0,0,0,0,0
1,0,0,1,1,0,0,1,1,0,0,0,0,0,0,0,0,0,0,1,0,1,0,1,1,0,0,0,0,1,1,1,1,0,0,0,0
0,0,0,1,1,0,1,1,1,0,0,0,0,0,0,0,0,0,0,0,0,1,0,1,1,1,1,0,1,0,1,0,1,0,0,0,0
0,0,1,0,0,0,0,0,1,0,0,0,0,0,0,1,0,0,1,1,1,0,1,1,1,0,0,0,1,0,0,1,0,0,1,1,1
0,0,1,0,0,0,0,0,1,0,0,0,0,0,0,0,0,1,0,1,0,1,0,0,0,0,0,0,0,1,0,1,1,1,1,0,0
1,0,1,0,0,1,0,0,1,0,0,0,0,0,0,0,1,0,0,1,1,1,0,1,0,0,1,0,1,0,0,0,0,0,0,0,0
1,1,1,0,0,0,0,0,1,0,0,0,0,1,0,1,0,0,0,1,0,0,1,1,0,0,0,0,0,0,1,0,0,0,1,0,0
0,0,0,1,0,0,1,1,1,0,0,0,0,0,0,0,1,0,0,0,1,0,1,0,0,1,0,1,1,1,0,0,0,0,0,0,0
1,0,1,0,0,0,0,0,1,0,1,0,0,0,0,0,0,0,1,1,0,0,1,1,0,0,0,1,1,0,0,0,0,0,0,0,0
0,0,1,0,0,0,1,1,1,1,0,0,0,0,0,0,1,1,0,1,0,0,1,1,1,1,0,0,1,0,0,0,1,0,0,0,0
1,0,0,1,0,0,0,1,1,0,0,0,0,0,0,0,0,1,1,1,0,0,0,1,1,1,1,0,1,0,0,0,0,0,0,0,0
0,0,0,0,0,0,1,0,1,0,0,1,0,0,0,0,1,0,0,0,0,0,1,1,1,0,0,1,1,0,0,0,0,0,0,0,0
0,0,1,0,0,0,0,1,1,0,1,0,1,1,1,0,1,1,0,1,0,1,0,1,1,0,0,0,1,1,0,0,0,0,0,0,0
0,0,0,1,0,1,0,0,1,0,0,0,0,0,0,0,0,0,0,1,0,1,0,0,1,1,0,0,1,1,0,1,0,0,0,0,0
0,0,1,0,0,0,0,1,1,1,0,1,0,0,0,1,0,0,0,1,0,0,0,0,0,0,0,0,0,1,0,0,0,0,0,0,0
0,0,0,0,1,0,0,0,1,0,1,0,0,0,0,1,0,0,0,1,0,0,0,0,0,0,0,0,0,0,0,1,0,0,0,0,0
1,0,1,1,0,0,0,0,1,0,0,0,0,0,0,0,0,1,0,0,0,0,0,1,1,1,0,1,1,0,1,1,1,1,0,1,1
0,0,0,1,1,1,0,1,1,0,1,0,0,0,0,0,1,1,1,0,0,1,1,1,1,0,0,1,0,1,1,1,1,1,1,1,0
0,0,1,1,0,0,1,0,1,0,0,0,0,0,0,0,0,0,1,0,0,0,0,1,0,1,0,0,1,0,0,0,0,0,0,0,0
0,0,1,0,1,0,1,1,1,1,0,1,0,0,0,0,1,1,1,0,0,0,1,0,1,0,0,0,0,0,1,0,0,0,0,0,0
0,0,1,0,0,0,1,1,1,0,0,1,0,1,1,1,1,0,0,1,0,0,1,1,1,1,0,1,0,1,0,1,0,0,0,0,0
0,0,0,0,1,0,0,0,1,0,0,0,1,1,1,0,1,0,0,1,0,1,0,0,0,0,0,0,0,0,0,0,0,0,0,0,0
0,0,1,1,1,0,1,1,1,0,0,0,0,0,0,0,0,1,0,0,0,1,0,1,0,1,0,0,1,0,0,0,0,0,0,0,0
0,0,0,0,0,1,1,1,1,0,0,0,1,0,0,1,0,0,0,0,0,1,0,1,1,1,1,0,1,0,0,0,0,0,0,0,0
0,0,1,1,1,0,0,0,1,0,1,0,0,0,0,0,0,1,0,0,0,0,0,1,1,1,1,0,1,1,0,1,1,1,0,0,0
1,0,1,1,0,1,0,1,1,0,0,0,0,0,0,0,1,1,0,0,1,0,1,1,1,0,0,0,0,0,0,0,0,0,0,0,0
0,1,0,0,0,0,0,1,1,0,1,0,0,0,1,0,1,0,0,1,1,1,0,0,1,0,1,0,0,0,1,1,0,0,0,0,0
0,0,1,0,1,1,0,1,1,0,1,0,1,0,0,0,0,0,1,1,1,1,1,1,1,1,1,0,1,1,1,1,1,1,1,1,0
0,0,1,0,1,0,1,1,1,0,0,0,0,0,0,0,1,1,0,1,0,0,1,1,0,0,0,0,0,0,0,0,0,0,0,0,0
0,0,1,0,0,0,1,1,1,0,0,1,0,0,1,1,1,0,1,0,1,1,1,1,0,0,0,0,0,1,0,0,0,0,0,0,0
0,0,1,1,1,0,1,1,1,0,0,1,0,1,0,0,0,0,0,0,1,0,0,1,1,1,0,0,1,0,0,0,0,0,0,0,0
0,0,1,0,0,0,0,0,1,0,0,0,0,1,1,0,0,0,0,0,0,1,1,0,0,0,0,0,1,1,1,1,1,1,0,0,0
1,0,1,1,1,1,1,1,1,0,0,1,0,0,0,0,0,1,0,0,1,1,0,1,1,1,0,0,1,0,1,1,1,0,1,0,0
0,0,0,1,0,0,1,1,1,0,0,0,0,0,0,0,1,1,0,0,0,0,0,1,0,1,0,0,1,0,0,0,0,0,0,0,0
1,0,1,0,1,0,0,1,1,0,0,0,0,0,0,0,0,0,0,0,0,0,0,1,1,0,0,0,1,0,1,1,0,0,0,0,0
0,0,1,0,1,0,0,1,1,0,0,0,1,0,0,0,0,0,0,0,0,1,0,1,1,1,0,0,1,0,0,1,0,0,1,0,0
1,0,1,0,0,0,1,1,1,0,1,0,0,0,0,0,0,1,1,1,1,0,0,0,1,0,0,0,0,0,1,1,1,1,0,1,1
0,1,1,1,0,0,0,0,1,0,1,0,1,1,1,0,0,1,0,0,1,0,1,0,1,0,0,1,1,1,0,0,0,0,0,0,0
0,0,1,0,0,0,1,0,1,0,0,0,0,0,1,0,1,1,0,0,0,1,0,1,1,1,1,0,1,1,0,0,0,0,0,0,0
1,1,1,0,1,0,1,0,1,0,0,0,1,0,1,1,0,0,1,1,1,1,1,1,1,1,0,0,1,0,1,0,0,0,0,0,0
0,0,0,1,1,0,1,1,1,0,1,1,0,1,0,0,0,0,0,1,0,1,0,1,0,0,0,0,1,0,0,0,0,0,0,0,0
1,0,0,1,1,0,0,0,1,0,0,0,0,0,0,0,1,1,1,0,0,1,1,1,0,1,0,0,0,0,1,0,1,0,0,0,0
1,0,1,0,0,0,0,0,1,1,0,0,0,0,0,0,0,0,0,0,0,0,0,1,1,0,0,0,1,0,0,0,0,0,0,0,0
1,0,1,0,0,0,0,1,1,1,0,0,0,0,0,0,1,1,0,0,0,0,1,1,1,0,0,0,0,1,0,0,0,1,1,0,0
1,0,1,0,1,0,0,0,1,0,0,0,0,1,0,0,0,0,0,1,0,1,0,1,0,0,0,1,0,1,1,1,0,1,1,0,0
0,0,0,1,0,0,0,1,1,0,0,0,0,0,0,0,0,0,0,0,0,1,1,1,0,0,0,0,0,1,1,1,0,1,0,0,0
0,0,0,0,0,0,1,0,1,0,1,1,0,0,0,0,0,0,0,1,0,0,0,0,0,0,0,0,0,0,0,0,0,0,0,0,0
1,0,1,1,0,0,0,0,1,0,0,1,0,1,0,1,1,0,0,1,1,1,1,0,1,0,1,1,0,1,1,1,1,0,1,1,0
0,0,1,0,0,0,0,0,1,0,0,0,0,0,0,0,0,0,0,0,0,0,1,1,1,0,0,1,1,1,0,0,0,0,1,0,0
0,1,1,1,0,0,0,0,1,0,0,1,0,0,0,1,0,0,1,1,0,0,1,1,0,1,0,0,1,1,0,0,0,0,0,0,0
0,0,1,0,1,0,1,1,1,1,0,0,0,0,0,0,0,0,0,0,0,0,0,1,1,0,0,0,0,1,0,0,0,0,0,0,0
0,0,1,1,1,0,1,0,1,0,0,1,0,1,0,0,0,0,1,1,1,0,1,1,1,1,0,1,1,1,0,0,0,1,1,0,0
0,0,0,0,0,0,0,0,1,0,0,1,0,0,1,1,1,0,1,0,1,1,1,0,1,0,0,0,0,0,0,0,0,0,0,0,0
0,0,1,0,1,0,0,1,1,0,0,0,0,0,0,1,0,0,1,0,0,0,0,1,1,0,0,0,1,1,0,0,0,0,0,0,0
0,0,1,0,0,0,0,1,1,0,1,0,0,0,0,0,1,1,1,1,0,0,0,0,0,0,0,0,1,1,1,0,0,0,1,0,0
0,0,1,0,0,0,0,1,1,0,0,1,0,1,0,1,0,0,1,1,1,0,0,0,0,1,1,0,0,0,1,1,1,0,0,0,0
0,0,1,1,0,0,0,1,1,0,0,0,0,0,0,0,1,0,0,1,1,1,0,1,0,0,1,0,0,0,0,1,1,0,0,0,0
0,0,0,0,0,0,0,0,1,1,0,0,0,1,0,1,0,0,0,1,0,0,0,0,0,1,1,0,0,1,0,1,0,0,0,0,0
0,0,1,1,0,1,1,1,1,0,0,1,1,1,1,1,0,1,1,0,0,0,1,0,1,0,1,0,1,1,0,0,0,0,0,0,0
0,0,1,0,0,0,1,0,1,0,0,0,1,0,0,0,0,0,0,1,0,0,0,1,1,1,0,0,1,1,1,1,1,1,0,0,0
1,0,1,0,0,1,1,1,1,1,0,1,0,0,0,0,1,1,1,1,1,1,0,1,1,1,1,1,1,1,1,0,1,1,1,0,0
0,0,0,0,0,0,0,1,1,0,0,0,0,0,1,1,1,0,0,0,0,0,0,1,0,0,0,0,0,1,1,0,1,0,0,0,0
1,0,1,0,0,0,0,0,1,0,1,0,1,0,1,0,1,0,0,0,0,0,0,0,0,0,0,0,0,0,1,0,0,0,0,0,1
0,0,1,0,0,0,0,0,1,1,0,0,0,0,0,0,0,0,0,1,0,0,0,0,0,0,0,0,0,0,0,0,0,0,0,0,0
1,0,0,0,0,0,0,0,1,1,0,1,0,1,0,0,0,0,0,1,0,0,0,0,0,0,0,0,0,0,0,0,0,0,0,0,0
0,0,1,1,0,1,1,0,1,1,1,1,1,0,1,0,0,1,0,1,1,0,0,1,1,1,1,0,1,0,1,1,0,1,0,1,0
0,0,1,0,0,0,1,1,1,1,0,1,1,0,0,1,0,1,1,0,0,0,0,1,1,1,1,0,1,0,1,0,0,1,1,1,1
0,0,0,1,0,1,0,1,1,0,0,1,1,0,1,1,0,1,1,0,0,0,0,1,1,1,1,0,1,0,0,0,0,0,0,0,0
1,0,0,0,0,0,0,0,1,0,0,0,0,0,1,0,0,1,0,0,0,0,0,1,0,0,0,0,0,0,1,1,0,0,1,0,0
0,0,1,1,0,0,0,0,1,0,0,0,0,0,0,1,0,0,0,1,1,0,0,1,1,1,0,0,1,1,0,0,0,1,1,0,0
0,0,0,0,0,0,0,1,1,0,0,0,0,0,0,0,0,0,1,1,0,0,0,1,1,1,0,0,1,1,0,1,0,0,0,0,0
1,0,0,0,0,0,0,0,1,1,0,0,0,0,0,0,0,0,0,0,0,1,1,1,0,1,0,0,0,1,0,0,0,0,0,0,0
0,0,1,0,1,1,0,1,1,1,0,1,0,0,0,0,0,1,1,1,1,0,1,1,1,1,0,0,1,1,1,1,1,1,1,1,0
1,0,1,1,0,0,1,1,1,0,0,1,0,0,1,0,0,1,1,1,1,0,0,1,1,0,0,0,1,1,0,0,0,0,0,0,0
1,0,0,0,0,0,0,0,1,0,0,0,0,0,0,0,0,0,0,0,1,1,1,0,0,0,1,1,0,0,0,0,0,0,0,0,0
0,0,1,1,0,0,1,1,1,0,0,1,0,0,0,0,0,0,0,0,1,0,1,1,1,1,0,0,1,0,0,0,1,1,0,0,0
1,0,1,0,0,0,0,1,1,0,0,1,0,0,0,0,0,1,1,1,1,1,0,0,0,0,0,0,1,1,1,0,1,0,1,0,0
1,0,1,1,0,1,1,0,1,0,0,1,1,0,0,1,0,1,1,1,0,0,1,0,1,1,1,0,1,1,1,0,1,0,1,0,0
1,0,0,1,0,0,0,1,1,0,0,0,0,0,0,1,0,1,1,1,0,0,0,1,1,0,0,1,1,1,1,0,0,0,1,0,0
0,1,0,1,0,0,1,0,1,0,0,0,1,1,0,0,0,0,0,0,0,0,0,0,0,0,0,0,0,1,0,0,0,0,0,0,0
0,0,1,1,0,0,0,0,1,0,0,0,0,0,0,0,0,0,0,1,0,0,0,1,1,1,0,0,1,0,1,0,0,0,1,1,0
1,0,1,0,0,0,0,0,1,0,0,0,1,0,0,1,1,1,1,0,1,0,1,0,0,0,0,0,1,0,1,0,0,1,0,0,1
0,0,1,0,0,0,1,1,1,0,0,0,0,0,0,0,0,0,0,0,1,1,1,0,0,0,0,1,0,1,0,0,0,0,0,0,0
0,0,1,1,0,0,0,1,1,1,0,0,0,0,0,0,1,0,1,0,0,1,0,1,1,0,1,0,1,1,1,0,0,0,0,0,0
0,0,1,1,1,0,0,0,1,0,1,1,0,0,0,1,1,0,0,1,1,0,0,1,1,1,0,0,1,0,0,0,1,1,0,0,0
0,0,0,1,0,0,0,1,1,0,0,0,1,0,1,1,0,0,1,1,0,1,0,1,1,1,0,0,1,1,1,1,1,1,0,0,0
1,0,0,0,0,0,1,1,1,1,0,1,0,0,0,0,0,0,0,0,0,0,1,1,1,0,0,0,1,0,0,0,0,0,0,0,0
0,0,1,0,0,0,0,0,1,0,1,0,0,0,0,0,0,0,0,1,0,0,0,0,0,0,0,0,0,0,0,1,1,0,0,0,0
0,1,0,0,0,0,0,1,1,0,1,1,0,1,1,0,1,0,1,0,1,1,1,0,0,0,0,1,1,1,1,1,0,1,0,0,0
0,0,1,1,1,0,0,1,1,0,0,1,1,1,1,1,1,0,0,1,0,1,0,0,0,0,0,0,0,1,0,1,0,1,0,0,0
1,0,1,0,0,0,0,1,1,0,0,1,0,0,0,0,1,0,0,1,1,1,0,0,0,0,1,0,0,0,0,1,0,0,0,0,0
0,0,1,0,0,0,0,0,1,0,0,0,0,0,0,0,1,0,0,0,1,1,1,1,0,0,0,0,1,1,0,0,0,0,0,0,0
0,0,1,0,1,0,1,1,1,0,0,0,1,0,0,0,1,0,0,1,1,1,0,1,0,0,1,0,0,1,1,1,0,1,1,0,0
0,0,1,1,0,0,1,0,1,1,0,1,0,0,1,0,1,0,0,0,1,0,1,1,1,0,0,0,0,1,0,0,0,0,0,0,0
0,0,1,1,0,0,0,1,1,0,1,1,1,0,0,1,1,0,0,0,1,1,0,0,0,0,0,0,0,1,1,1,1,1,1,0,0
0,0,1,1,1,0,1,1,1,0,0,0,0,0,0,0,0,1,0,0,0,0,0,1,0,0,0,0,1,1,1,0,0,0,0,0,0
1,0,1,0,1,0,0,1,1,0,0,0,0,1,1,1,0,1,0,0,0,1,0,1,1,1,0,0,0,0,1,0,1,1,0,1,0
0,0,1,1,0,0,1,0,1,1,1,0,0,0,0,0,0,1,0,1,0,1,0,1,1,1,1,0,1,1,1,1,1,1,0,0,0
0,0,1,0,0,0,0,1,1,0,0,1,0,1,0,0,0,0,0,0,0,0,0,0,0,0,0,0,0,0,0,0,0,0,0,0,0
0,1,1,0,0,0,0,0,1,0,1,1,0,0,0,0,1,1,1,0,1,0,0,0,1,0,0,0,0,1,0,0,0,0,0,0,0
1,0,1,0,0,0,1,1,1,0,0,1,1,1,1,0,1,0,0,0,0,0,0,0,0,0,0,0,0,1,1,0,0,1,0,0,0
0,1,1,0,1,1,1,0,1,0,0,0,1,1,0,1,0,1,1,1,0,0,0,0,1,1,1,1,1,1,1,0,1,0,1,0,0
0,0,0,0,0,0,0,0,1,0,0,1,0,0,0,0,0,0,0,0,0,0,1,1,1,1,0,0,1,0,1,0,0,1,0,0,0
0,0,1,0,1,1,1,1,1,0,0,0,0,0,1,0,1,0,0,0,1,1,1,0,0,0,0,1,0,1,0,1,0,0,0,0,0
0,0,0,0,1,1,0,1,1,0,0,0,0,0,0,0,0,0,0,0,0,0,1,1,1,0,0,0,0,1,1,0,0,0,0,0,0
0,1,0,1,0,1,0,1,1,0,1,0,0,0,0,1,1,1,1,0,1,0,0,0,0,0,0,0,1,1,0,0,0,1,0,0,0
0,0,1,0,0,0,1,1,1,0,1,1,1,1,1,1,0,0,1,0,0,0,0,1,1,1,0,0,1,0,0,0,0,0,0,0,0
0,0,1,0,0,0,0,0,1,0,0,1,1,0,0,0,0,0,0,1,0,1,0,1,1,1,0,0,1,1,1,1,1,0,0,0,0
0,0,1,1,0,0,0,0,1,0,0,1,1,0,0,0,0,1,0,0,0,0,0,0,0,0,0,0,0,0,1,0,0,1,0,0,0
1,0,0,1,0,0,0,1,1,0,0,1,0,0,0,0,0,0,0,1,1,1,0,1,1,1,0,0,1,1,1,1,0,1,0,0,0
0,0,0,0,0,1,0,1,1,1,0,1,0,0,1,0,0,0,0,0,0,1,0,0,1,0,1,1,0,1,0,0,0,0,0,0,0
1,1,0,1,0,0,0,0,1,0,0,0,0,0,0,0,0,0,0,0,0,0,1,1,0,0,0,1,0,0,0,0,0,0,0,0,0
0,0,1,1,1,0,1,1,1,1,1,0,0,1,0,0,1,1,1,0,0,0,0,1,1,0,0,0,0,1,1,0,0,0,0,0,0
0,1,1,1,0,0,0,1,1,0,1,1,1,0,0,0,1,1,0,0,1,0,0,1,1,1,1,0,1,1,1,1,0,1,0,0,0
0,0,1,1,0,0,1,1,1,0,0,1,0,0,0,0,0,0,1,1,1,0,1,1,1,1,0,1,1,1,0,0,0,1,1,0,0
1,1,0,0,1,0,0,1,1,0,1,1,0,0,1,1,0,1,0,1,0,1,0,1,1,1,0,1,1,1,1,1,0,0,1,0,0
0,0,0,1,1,0,0,1,1,0,0,0,0,1,0,0,0,0,0,0,0,1,0,1,1,0,0,0,1,0,1,1,0,0,1,0,0
0,0,1,0,0,1,1,1,1,0,0,0,0,1,0,0,0,1,1,1,0,0,1,1,1,1,0,0,1,1,1,1,1,0,0,1,0
0,0,0,0,0,0,0,0,1,1,0,0,0,0,0,0,0,0,0,1,0,0,0,0,0,0,0,0,0,0,0,0,0,0,0,0,0
0,0,1,1,1,0,1,1,1,0,0,0,0,0,1,0,0,0,1,1,1,1,1,0,0,1,0,0,0,0,0,0,1,1,0,0,0
1,0,0,1,1,0,1,1,1,0,0,0,1,1,0,0,0,0,0,0,1,1,0,0,1,0,0,1,0,0,1,0,0,1,0,0,0
0,0,1,0,0,0,0,0,1,1,0,0,1,1,0,0,0,1,0,1,1,1,0,0,0,1,0,1,1,1,1,0,0,0,0,0,0
0,0,0,0,0,0,0,0,1,1,0,0,1,0,0,0,0,1,0,0,1,1,0,0,0,0,0,1,1,1,1,0,0,0,0,0,0
1,0,1,0,1,0,1,1,1,1,1,1,0,1,1,0,0,0,1,0,0,1,1,1,0,1,0,1,1,0,1,1,0,0,0,0,0
0,0,0,1,0,0,0,1,1,0,0,1,0,0,0,1,1,1,0,0,0,0,1,1,1,1,0,1,0,0,1,1,0,0,0,0,0
0,1,0,0,0,0,1,1,1,1,1,0,0,0,0,0,0,0,0,0,1,1,0,1,1,0,0,0,1,0,0,0,0,1,0,0,0
0,0,0,0,0,0,0,1,1,0,0,0,0,0,0,0,0,0,0,0,0,0,0,1,0,0,0,0,0,0,0,0,0,0,0,0,0
